seqName,insertions,aaInsertions
"JX069803","2328:G",""
"KP856967","2319:AATAAA",""
"KF530268","2328:G;4624:A;15015:A",""
"JQ901447","2328:G;4624:A",""
"JX069799","2328:G;3212:G;15090:ATTTTT",""
"JX069801","2322:A",""
"KP856968","2328:G",""
"KP663728","2322:A",""
"JX069802","2328:G",""
"KU316142","2328:G",""
"KF826840","2328:G;4624:A",""
"KJ939954","7589:T",""
"KP317953","0:CGATCT;2328:G",""
"KF826836","2328:G;15015:A",""
"FJ948820","1110:CCT;2328:AATCC;4236:A;4668:CGT;5597:GCG",""
"KP856969","",""
"KF826837","2328:G;15015:A",""
"KJ939944","2328:G",""
"KJ939941","2328:G",""
"KJ939939","2322:AA",""
"KJ939955","2328:G",""
"KF826826","2328:G;15015:A",""
"KJ939969","2328:G",""
"KJ939967","1078:A;2322:A",""
"KJ939957","2328:G",""
"KJ939953","2328:G",""
"KJ939945","2328:G",""
"JX069800","2328:G",""
"KJ939968","2328:G",""
"KJ939960","2328:G",""
"KJ939971","2328:G",""
"KJ939965","2322:A;3183:C",""
"KJ939962","2328:G",""
"JQ901448","2328:G;15015:A",""
"JQ901453","2322:A",""
"JQ901456","15015:A",""
"JQ901450","2328:G;3177:AAAAAA;15013:TT",""
"KJ939952","2328:G",""
"KJ939966","2328:G",""
"JQ901452","2322:A",""
"KJ939943","7584:A",""
"KJ939936","2322:A",""
"JQ901458","2328:G;15085:TTTTTAA",""
"KJ939947","2328:G",""
"JQ901457","2328:G;3212:A;15085:TCTAA",""
"JQ901455","2328:G",""
"JQ901449","2322:A;15015:A",""
"JQ901451","",""
"JQ901454","2328:G;5607:A",""
"JX627336","2327:G;4624:A;5468:CAAGAGGAAACCCTCCACTCAACCACCTCCGAAGGCTATCTAAGCCCATCCCAAGTCTATACAACATCCGGT","G:260:QEETLHSTTSEGYLSPSQVYTTSG"
"KJ627361","572:AA",""
"KC731483","2322:A",""
"KJ627356","572:AA;2328:G",""
"KJ627339","2328:G;15085:AA",""
"KJ627324","2328:G;15080:AATTT",""
"KF826824","2328:G;4624:A",""
"KC731482","2327:G;5526:ACACAACATCCGGTCAAGAGGAAACCCTCCACTCAACCACCTCCGAAGGCTATCCAAGCCCATCACAAGTCC","G:260:QEETLHSTTSEGYPSPSQVYTTSG"
"KF530260","",""
"KJ627268","2322:A",""
"KJ627287","2328:G",""
"KT285064","2327:G;4624:A;5516:TCCCAAGTCTATACAACATCCGGTCAAGAGGAAACCCTCCACTCAACCACCTCCAAAGGCTATCTAAGCCCA","G:271:GYLSPSQVYTTSGQEETLHSTTSK"
"KF826846","2328:G;15015:A",""
"KJ627306","2328:G",""
"KJ627293","2328:G",""
"KJ627338","2328:G",""
"KJ627301","2322:A",""
"KF826831","4:CCA",""
"KF826848","2328:G;7547:A",""
"KJ627325","2328:G;7584:A",""
"KF530269","2328:G",""
"KF826849","2328:G",""
"KF826827","0:G;2328:G;15015:A",""
"KF826852","7557:G;15015:A",""
"KF826838","2328:G",""
"KF826828","15015:A",""
"KJ627319","2328:G",""
"KF530261","2328:G;3214:A",""
"KF826850","15015:A",""
"KF826856","2328:G",""
"KF826823","2328:G;4624:A",""
"KF826841","2322:A;15015:A",""
"KF826832","2327:G;4207:AAT;5607:A;15015:A",""
"KF826855","2328:G",""
"KF826854","",""
"KJ627269","2328:G;7584:A",""
"KJ627337","2328:G",""
"KF826830","2328:G",""
"KJ627349","2328:G",""
"KJ627245","2322:A",""
"KJ627350","2328:G",""
"KJ627372","2328:G",""
"KJ627292","2328:G;7584:A",""
"KJ627312","2328:G",""
"KJ627357","2328:G;7584:A",""
"KJ627351","2328:G",""
"KJ627362","2328:G;4624:AA",""
"KJ627259","2322:A",""
"KJ627267","2328:G",""
"KJ627365","2328:G",""
"KJ627326","2328:G",""
"KJ627294","2328:G",""
"KJ627288","2328:G;4624:A",""
"KF826847","2328:G",""
"KJ627305","572:AA",""
"KJ627252","2328:G",""
"KF826833","2328:G",""
"KJ627304","2328:G",""
"KJ627335","2328:G",""
"KF826821","2328:G;4624:A",""
"KJ627366","2328:G",""
"KJ627270","2328:G;7584:A",""
"KJ627327","2328:G;15080:AATT",""
"KJ627374","2328:G",""
"KJ627303","572:AA;2328:G",""
"KJ627296","2328:G;7584:A",""
"KJ627318","2328:G",""
"KJ627370","2328:G",""
"KJ627256","2328:G",""
"KJ627274","2328:G;4624:A",""
"KJ627272","2328:G",""
"KJ627316","2322:AAAAAAATA",""
"KJ627373","2328:G;3175:T",""
"KJ627329","2322:A;7584:A",""
"KJ627334","2328:G;7584:A",""
"KJ627313","2328:G;7584:A",""
"KJ627322","2328:G",""
"KJ627346","2328:G",""
"KJ627266","2328:G;4624:A",""
"KJ627264","2327:G;4624:A;5468:CAAGAGGAAACCCTCCACTCAACCACCTCCGAAGGCTATCTAAGCCCATCACAAGTCTATACAACATCCGGT","G:260:QEETLHSTTSEGYLSPSQVYTTSG"
"KJ627352","572:AA",""
"KJ627369","2328:G",""
"KJ627289","2328:G;15085:AA",""
"KJ627300","2328:G",""
"KJ627253","2328:G",""
"KJ627291","2328:G;3175:T",""
"KJ627344","2328:G",""
"KJ627298","2328:G;7584:A",""
"KJ627358","2328:G;7584:A",""
"KJ627261","2322:A",""
"KJ627275","2328:G",""
"KJ627282","2328:G",""
"KJ627276","2328:G;15080:AATT",""
"KJ627371","2328:G;7584:A",""
"KJ627367","2322:A",""
"KJ627343","572:AA;2328:G",""
"KJ627314","2328:G;15080:AATT",""
"KJ627315","2328:G",""
"KJ627353","572:AA;2328:G;15090:ATTTTTT",""
"KJ627309","2322:A",""
"KJ627333","2328:G;7584:A",""
"KJ627321","2328:G;15080:AATTT",""
"KJ627250","2328:G",""
"KJ627295","2328:G",""
"KJ627283","2328:G",""
"KJ627248","2328:G;14999:G;15080:AATT",""
"KJ627258","2328:G;7584:A",""
"KJ627260","572:AAA;1094:A;2328:G;3214:A;15090:ATTTTTT",""
"KJ627307","2328:G;7584:A",""
"KJ627263","2328:G;7584:A",""
"KJ627355","2328:G",""
"KJ627297","2328:G",""
"KJ627246","2328:G",""
"KJ627354","2328:G",""
"KJ627290","2328:G",""
"KJ627281","2328:G",""
"KJ627308","572:AA;2328:G",""
"KJ627271","572:AAA;2328:G",""
"KJ627311","572:AA;1094:A;2322:A;3214:A;15090:ATTTT",""
"KJ627336","572:AAAA;1094:A;2328:G;3214:A;15090:ATTTTTT",""
"KJ627328","2328:G",""
"KJ627279","2322:A",""
"KJ627255","572:AA;1094:A;15090:ATTTT",""
"KJ627320","2328:G",""
"KJ627360","2328:G",""
"KJ627286","2328:G",""
"KJ627257","2328:G",""
"KP258711","2328:G;4624:A;15060:ATTTAAA",""
"KP258740","2328:G;15060:ATTTAAA",""
"KJ627345","2328:G;7584:A",""
"KP258723","572:AAA;2328:G",""
"KJ627273","2328:G;7584:A",""
"KM578843","2328:G;15150:T",""
"KP258700","2322:A",""
"KP258697","2328:AG;4647:TA",""
"KP258709","2319:AATAAA",""
"KJ672478","2327:G",""
"KJ723483","572:AA;2328:G",""
"JF920047","2328:G;4624:A",""
"KF973331","2328:G;7560:TGA;15015:A",""
"KF973325","2328:G;7560:TGA;15015:A",""
"KF973329","2328:G;7560:TGA;15015:A",""
"KM042391","2328:G;5468:CAAGAGGAAACCCTCCACTCAACCACCTCCGAAGGCTATCTAAGCCCATCACAAGTCTATACAACATCCGGT","G:260:QEETLHSTTSEGYLSPSQVYTTSG"
"KF973336","2328:G;7560:TGA;15015:A",""
"KF973334","2328:G;7560:TGA;15015:A",""
"KU316180","572:AA;2328:G;4624:A;15013:TT",""
"KU316150","2328:G",""
"KJ627716","2328:G;15015:A",""
"KF973333","2328:G;7560:TGA;15015:A",""
"KJ939940","2322:A",""
"KF973319","2328:G;7560:TGA;15015:A",""
"KP258725","2319:AATAAA",""
"KP258696","3184:C",""
"KF973340","2328:G;7560:TGA;15015:A",""
"KP258707","2322:A;4628:AAT",""
"KJ723487","2328:G;15060:ATTTAAA",""
"KJ627662","2328:G;15015:A",""
"KP258710","2328:G;15060:ATTTAAA",""
"KJ723464","",""
"KF973339","2322:A;7560:TGA;15015:A",""
"KJ723490","2328:G;15060:ATTTAAA",""
"KJ627720","2328:G;15015:A",""
"KJ939950","2328:G",""
"KJ939964","2328:G",""
"KM042386","2327:G;4624:A;5528:ACTACATCCGGTCAAGAGGAAACCCTCCACTCAACCACCTTCGAAGGCTATCCAAGCCCACCACAAGTCCAT","G:277:QVYTTSGQEETLHSTTFEGYPSPP"
"KJ672465","2327:G;4624:A;5537:GGTCAAGAGGAAACCCTCCACTCAACCACCTCCGAAGGCTATCTAAGCCCATCACAAGTCTATACAACATCT","G:260:QEETLHSTTSEGYLSPSQVYTTSG"
"KC978856","2322:AAAAAAAATA",""
"KJ672441","2328:G;4624:A;5468:CAAGAGGAAACCCTCCACTCAACCACCTCCGAAGGCTATCCAAGCCCATCACAAGTCTATACAACATCCGGT","G:260:QEETLHSTTSEGYPSPSQVYTTSG"
"KU950594","2327:G;3214:A;4624:A",""
"KU316121","2328:G;3177:A;7386:ATA;15060:ATTTAAA",""
"KU950505","2322:AA;5525:CACACAACATCCGGTCAAGAGGAAACCCTCCACTCAACCACCTCCGAAGGCTATCCAAGCCCATCACAAG;5528:AC","G:260:QEETLHSTTSEGYPSPSQVHTTSG"
"KU316157","2328:G",""
"KU316148","2328:G",""
"KJ939938","2322:A",""
"KJ627693","2322:A",""
"KJ723488","2323:AAAAT",""
"KJ627690","",""
"KJ627703","2:TTT;2328:G",""
"JX015486","2328:G;15090:TTTTTT",""
"KP258743","2328:G",""
"KU950531","2327:G;4624:A;5468:CAAGAGGAAACCCTCCACTCAACCACCTCCGAAGGCTATCTAAGCCCATCACAAGTCTATACAACATCCGGT","G:260:QEETLHSTTSEGYLSPSQVYTTSG"
"KJ939963","2328:G",""
"KJ627667","2328:G;15015:A",""
"KJ723465","2328:G;4624:A;15060:ATTTAAA",""
"KJ672482","2327:G",""
"JX015483","2322:A",""
"KU316166","2328:G",""
"KJ627696","2328:G;15060:ATTTAAA",""
"KJ627718","2328:G;15015:A",""
"JX015487","2328:G;15015:A",""
"KJ672467","2327:G;5528:ACAACATCCGGTCAAGAGGAAACCCTCCACTCAACCACCTCCGAAGGCTATCCAAGCCCATCACAAGTCCAT","G:260:QEETLHSTTSEGYPSPSQVYTTSG"
"KU316137","2328:G",""
"KJ672477","2327:G",""
"KJ672459","2328:G;4624:A",""
"KJ672470","2327:G;4624:A;5528:ACTACATCCGGTCAAGAGGAAACCCTCCACTCAACCACCTTCGAAGGCTATCCAAGCCCATCACAAGTCCAT","G:270:EGYPSPSQVYTTSGQEETLHSTTF"
"JF920062","2328:G",""
"KJ672469","2327:G;4624:AA;5528:ACAACATCCGGTCAAGAGGAAACCCTCCACTCAACCACCTCCGAAGGCTATCCAAGCCCATCACAAGTCCAT","G:260:QEETLHSTTSEGYPSPSQVYTTSG"
"KJ939935","2322:A",""
"KJ627656","",""
"KJ627687","2328:G",""
"KJ672453","2327:G",""
"KF973320","2328:G;7560:TGA;15015:A",""
"KF973321","2328:G;7560:TGA;15015:A",""
"JX015485","",""
"KJ723462","2322:A;4624:A;15060:ATTTAAA",""
"KP258734","",""
"KJ939958","2322:AA",""
"KF973335","2328:G;7560:TGA;15015:A",""
"KU316141","2328:G",""
"JF920057","2328:G;15090:ATTTTTT",""
"KJ672435","2327:G",""
"JF920065","2328:G;4624:A",""
"KJ939949","2328:G",""
"KJ672455","2327:G",""
"KJ627731","",""
"KJ627676","2328:G",""
"JX015481","2328:G",""
"JX015499","0:T;2328:G;15211:T",""
"KJ672433","2327:G;4628:AAT;5528:ACAACATCCGGTCAAGAGGAAACCCTCCACTCAACCACCTCCAAAGGCTATCCAAGCCCATCACAAGTCCAT","G:271:GYPSPSQVYTTSGQEETLHSTTSK"
"JX015489","2328:G",""
"JX015496","2328:G",""
"KJ627679","2328:G",""
"KJ672428","2327:G;5468:CAAGAGGAAACCCTCCACTCAACCACCTCCGAAGGCCATCCAAGCCCATCACAAGTCTATACAACATCCGGT","G:260:QEETLHSTTSEGHPSPSQVYTTSG"
"JX015488","",""
"KJ627670","2322:A",""
"KJ627725","2322:A",""
"JX015482","2328:G",""
"JX015498","2328:G",""
"JX015480","2328:G;7584:A",""
"JX015495","2328:G",""
"KJ627672","2328:G",""
"KJ939937","2322:A",""
"KF973332","2328:G;7560:TGA;15015:A",""
"KJ627686","2328:G",""
"KU316090","2319:AATAAA",""
"KU316143","2328:G;9035:AAACAA","L:179:KQ"
"KJ627683","",""
"KJ939946","2328:G",""
"KJ627707","2328:G",""
"KJ672466","2327:G;4624:A;5528:ACTACATCCGGTCAAGAGGAAACCCTCCACTCAACCACCTTCGAAGGCTATCCAAGCCCATCACAAGTCCAT","G:270:EGYPSPSQVYTTSGQEETLHSTTF"
"KJ627688","2328:G",""
"KJ627657","2322:A",""
"KJ672475","2327:G;4628:G;5468:CAAGAGGAAGCCCTCCACTCAACCACCTCCGAAGGCTATCCAAGCCCATCACAAGTCTATACAACATCCGGT","G:260:QEEALHSTTSEGYPSPSQVYTTSG"
"KJ672452","2327:G;4624:A;5528:ACTACATCCGGTCAAGAGGAAACCCTCCACTCAACCACCTTCGAAGGCTATCCAAGCCCATCACAAGTCCAT","G:270:EGYPSPSQVYTTSGQEETLHSTTF"
"KJ672448","2327:G;4624:A;5468:CAAGAGGAAACCCTCCACTCAACCACCTCCGAAGGCTATCTAAGCCCATCACAAGTCTATACAACATCCGGT","G:260:QEETLHSTTSEGYLSPSQVYTTSG"
"KJ627674","2328:G;15191:CT",""
"KJ672432","2327:G;4624:A;5468:CAAGAGGAAACCCTCCACTCAACCACCTCCGAAGGCTATCTAAGCCCATCACAAGTCTATACAACATCCGGT","G:260:QEETLHSTTSEGYLSPSQVYTTSG"
"KJ627709","2328:G",""
"KJ672464","2327:G;4624:A;5528:ACTACATCCGGTCAAGAGGAAACCCTCCACTCAACCACCTTCGAAGGCTATCCAAGCCCATCACAAGTCCAT","G:270:EGYPSPSQVYTTSGQEETLHSTTF"
"KJ627702","79:GA;2328:G",""
"KJ627733","",""
"KJ627706","2328:G",""
"KJ672456","2327:G",""
"KJ627648","2328:G;3182:AAC;4236:A",""
"KJ627714","2328:G;15015:A",""
"KJ627652","3177:A",""
"KJ672484","2327:G",""
"KJ627682","",""
"KJ627721","2328:G;15015:A",""
"KJ672447","2322:AA;15015:A",""
"KJ627685","2328:G",""
"KJ627664","",""
"KJ672424","2327:G;4624:A;5528:ACTACATCCGGTCAAGAGGAAACCCTCCACTCAACCACCTTCGAAGGCTATCCAAGCCCATCACAAGTCCAT","G:270:EGYPSPSQVYTTSGQEETLHSTTF"
"KF973327","2328:G;7560:TGA;15015:A",""
"KF973322","2328:G;7560:TGA;15015:A",""
"KJ627675","2328:G",""
"KJ672479","2322:A;15015:A",""
"KJ627666","2328:G;15015:A",""
"KJ672458","2327:G;5468:CAAGAGGAAACCCTCCACTCAACCACCTCCGAAGGCTATCTAAGCCCATCACAAGTCTATACAACATCCGGT","G:260:QEETLHSTTSEGYLSPSQVYTTSG"
"KJ672446","2327:G;5468:CAAGAGGAAACCCTCCACTCAACCACCTCCGAAGGCTATCTAAGCCCATCACAAGTCTATACAACACCCGGT","G:279:YTTPGQEETLH;G:283:EGYLSPSQVYTTP"
"KJ672427","2327:G",""
"KJ627723","2322:A",""
"KJ627710","2328:G",""
"KJ627668","0:AGTTTGTTGT;12:TTTTTC;2328:G;15015:A",""
"KJ627704","2328:G",""
"KJ672462","4987:C;8897:AAAGAA","L:133:KE"
"KJ672444","2327:G;5528:ACAACATCCGGTCAAGAGGAAACCCTCCACTCAACCACCTCCGAAGGCTATCCAAGCCCATCACAAGTCCAT","G:260:QEETLHSTTSEGYPSPSQVYTTSG"
"KJ627705","2328:G",""
"KJ627717","0:GT;15015:A",""
"KJ672449","2327:G;4624:A;5468:CAAGAGGAAACCCTCCACTCAACCACCTCCGAAGGCTATCTAAGCCCATCACAAGTCTATACAACATCCGGT","G:260:QEETLHSTTSEGYLSPSQVYTTSG"
"KJ672429","2328:G;5528:ACAACATCCGGTCAAGAGGAAACCCTCCACTCAACCACCTCCGAAGGCTATCCAAGCCCATCACAAGTCCAT","G:260:QEETLHSTTSEGYPSPSQVYTTSG"
"KJ627722","2328:G;15015:A",""
"KJ627715","2328:G;15015:A",""
"KJ672439","2327:G",""
"KJ672461","2327:G;4624:A;5528:ACTACATCCGGTCAAGAGGAAACCCTCCACTCAACCACCTTCGAAGGCTATCCAAGCCCATCACAAGTCCAT","G:270:EGYPSPSQVYTTSGQEETLHSTTF"
"KJ627727","91:T",""
"KJ627649","2328:G;3168:CAACCAGCCAAAAAAA;7560:TGA;15015:A",""
"KJ672431","2327:G",""
"KJ627724","2322:A",""
"KJ672471","2328:AGG;4624:A;5538:GTCAAGAGGAAACCCTCCACTCAACCACCTCCGAAGGCTATCTAAGCCCATCACAAGTCTATACAACATCCA","G:279:YTTSGQEETLH;G:284:GYLSPSQVYTTSK"
"KJ672450","2327:G",""
"KJ627729","2328:G;7547:A;15015:A",""
"KJ627663","",""
"KJ627647","2328:G;3182:AAC;4236:A",""
"KJ672442","2327:G;5468:CAAGAGGAAACCCTCCACTCAACCACCTCCGAAGGCTATCTAAGCCCATCACAAGTCTATACAACACCCGGT","G:279:YTTPGQEETLH;G:283:EGYLSPSQVYTTP"
"KJ672437","2327:G;3214:A;5468:CAAGAGGAAACCCTCCACTCAACCACCTCCGAAGGCTATCTAAGCCCATCACAAGTCTATACAACATCCGGT","G:260:QEETLHSTTSEGYLSPSQVYTTSG"
"KJ627659","2322:A",""
"KJ627708","2328:G",""
"KJ672443","2327:G",""
"KJ627678","2328:G",""
"KJ627671","2322:A",""
"KJ672483","8897:AAAGAA","L:133:KE"
"KJ672463","2327:G",""
"KJ672434","2327:G",""
"KJ627695","2328:G;15060:ATTTAAA",""
"KJ627728","",""
"KJ627719","2328:G;15015:A",""
"KJ672454","2328:G;5528:ACAACATCCGGTCAAGAGGAAACCCTCCACTCAACCACCTCCGAAGGCTATCCAAGCCCATCACAAGTCCAT","G:260:QEETLHSTTSEGYPSPSQVYTTSG"
"KJ627684","",""
"KJ672440","2327:G;4624:A;5528:ACAACATCCGGTCAAGAGGAAACCCTCCACTCAACCACCTCCGAAGGCTATCCAAGCCCATCACAAGTCCAT","G:260:QEETLHSTTSEGYPSPSQVYTTSG"
"KJ672460","2327:G",""
"KJ672472","2327:G;4624:A;5468:CAAGAGGAAACCCTCCACTCAACCACCTCCAAAGGCTATCTAAGCCCATCCCAAGTCTATACAACATCCGGT","G:260:QEETLHSTTSKGYLSPSQVYTTSG"
"KP258732","2328:G;15060:ATTTAAA",""
"KJ672436","2328:G;4624:A",""
"JX015493","2328:G",""
"KJ672426","2327:G",""
"KP258701","2328:G;4624:A;15060:ATTTAAA",""
"KM042384","2327:G;5468:CAAGAGGAAACCCTCCACTCAACCACCTCCGAAGGCTATCTAAGCCCATCACAAGTCTATACAACACCCGGT","G:279:YTTPGQEETLH;G:283:EGYLSPSQVYTTP"
"KP258737","2328:G",""
"KM042390","2327:G;4628:G;5528:ACAACATCCGGTCAAGAGGAAACCCTCCACTCAACCACCTCCGAAGGCTATCCAAGCCCATCACAAGTCCAT","G:260:QEETLHSTTSEGYPSPSQVYTTSG"
"KJ672474","2322:A;15015:A",""
"JF920051","2328:G;3214:A",""
"KP258704","2327:G",""
"KM042388","2327:G;4624:AA;5528:ACAACATCCGGTCAAGAGGAAACCCTCCACTCAACCACCTCCGAAGGCTATCCAAGCCCATCACAAGTCCAT","G:260:QEETLHSTTSEGYPSPSQVYTTSG"
"KP258699","2328:G;3183:AC;4624:A",""
"KJ672457","2327:G;5468:CAAGAGGAAACCCTCCACTCAACCACCTCCGAAGGCTATCTAAGCCCATCACAAGTCTATACAACATCCGGT","G:260:QEETLHSTTSEGYLSPSQVYTTSG"
"KP258733","572:AA;2328:G",""
"KP258703","2322:A;4624:A",""
"KJ672468","2327:G;5528:ACAACATCCGGTCAAGAGGAAACCCTCCACTCAACCACCTCCGAAGGCTATCCAAGCCCATCACAAGTCCAT","G:260:QEETLHSTTSEGYPSPSQVYTTSG"
"KF973323","2328:G;7560:TGA;15015:A",""
"JF920054","2328:G",""
"JF920052","2328:G",""
"JF920053","2328:G",""
"JF920049","2328:G;4624:A",""
"JF920048","2328:G;4624:A",""
"KF973338","2322:A;7560:TGA;15015:A",""
"KF973330","2328:G;7560:TGA;15015:A",""
"JX015491","2328:G",""
"KJ939948","7584:A",""
"KP258728","2328:G;15060:ATTTAAA",""
"KF973326","2328:G;7560:TGA;15015:A",""
"KU316093","3184:C",""
"KU316178","2328:G",""
"KJ939961","2328:G",""
"JF920046","2328:G;4624:A",""
"KJ939959","2328:G",""
"KJ939956","2328:G",""
"JX015479","2328:G",""
"KP258715","3184:C",""
"KM042383","2327:G;4624:A;5528:ACTACATCCGGTCAAGAGGAAACCCTCCACTCAACCACCTTCGAAGGCTATCCAAGCCCATCACAAGTCCAT","G:270:EGYPSPSQVYTTSGQEETLHSTTF"
"KU316161","2328:G;15060:ATTTAAA",""
"KF973324","2328:G;7560:TGA;15015:A",""
"KP258726","4624:A",""
"KU316145","2328:G",""
"KF973328","2328:G;7560:TGA",""
"KJ627284","2328:G;15085:AA",""
"KU316149","",""
"JX015494","2328:G",""
"JX015492","2328:G",""
"KJ672480","2327:G;4624:A;5321:A;5528:ACTACATCCGGTCAAGAGGAAACCCTCCACTCAACCACCTTCGAAGGCTATCCAAGCCCATCACAAGTCCAT","G:270:EGYPSPSQVYTTSGQEETLHSTTF"
"KM517572","2328:G;4624:A",""
"JX015484","2328:G",""
"KJ939951","2328:G",""
"KM042381","2327:G",""
"JX015490","2328:G",""
"JX015497","2328:G",""
"KU316131","2328:AG;4647:AA",""
"KJ939970","2328:G",""
"KJ723468","3184:C",""
"KJ723473","2328:G;4624:A;15060:ATTTAAA",""
"KM042392","2327:G;4624:A;5468:CAAGAGGAAACCCTCCACTCAACCACCTCCGAAGGCTATCTAAGCCCATCACAAGTCTATACAACATCCGGT","G:260:QEETLHSTTSEGYLSPSQVYTTSG"
"KJ723492","2328:G",""
"KJ939942","2328:G",""
"KM042385","2327:G;3214:A;5468:CAAGAGGAAACCCTCCACTCAACCACCTCCGAAGGCTATCTAAGCCCATCACAAGTCTATACAACACCCGGT","G:279:YTTPGQEETLH;G:283:EGYLSPSQVYTTP"
"KU316176","2328:G;4624:A",""
"KP258727","2328:G;4624:A",""
"KU950567","2327:G;4624:A;5468:CAAGAGGAAACCCTCCACTCAACCACCTCCGAAGGCTATCCAAGCCCATCACAAATCTATACAACATCCGGT","G:260:QEETLHSTTSEGYPSPSQIYTTSG"
"KP258722","2328:G;15060:ATTTAAA",""
"KM042389","2327:G;4624:A;5528:ACAACATCCGGTCAAGAGGAAACCCTCCACTCAACCACCTCCGAAGGCTATCCAAGCCCATCACAAATCCAT","G:279:YTTSGQEETLHSTTSEGYPSPSQI"
"KU316098","572:AA;2328:G",""
"KU839637","2327:G;4624:A;5528:ACAACATCCGGTCAAGAGGAAACCCTCCACTCAACCACCTCCGAAGGCTATCCAAGCCCATCACAAGTCCAT","G:269:SEGYPSPSQVYTTSGQEETLHSTT"
"KU316096","2328:G;4624:A",""
"KU316104","2328:G",""
"KU316167","2322:A",""
"KU950628","2327:G;5537:GGTCAAGAGGAAACCCTCCACTCAACCACCTCCGAAGGCTATCTAAGCCCATCACAAGTCTATACAACATCT","G:260:QEETLHSTTSEGYLSPSQVYTTSG"
"KU316110","2327:G",""
"KU316091","2328:G",""
"KU316126","2328:G",""
"KU316170","2322:A;4628:AAT",""
"KU316135","2319:AATAAA",""
"KU316118","2328:G",""
"KU950683","2328:G;5525:CACACAACATCCGGTCAAGAGGAAACCCTCCACTCAACCACCTCCGAAGGCTATCCAAGCCCATCACAAG;5528:AC","G:260:QEETLHSTTSEGYPSPSQVHTTSG"
"KU950473","2322:AA;15015:A",""
"KU950590","2328:G;5525:CACACAACATCCGGTCAAGAGGAAACCCTCCACTCAACCACCTCCGAAGGCTATCCAAGCCCATCACAAG;5528:AC","G:260:QEETLHSTTSEGYPSPSQVHTTSG"
"KU950557","2327:G;4624:A;5468:CAAGAGGAAACCCTCCACTCAACCACCTCCGAAGGCTATCTAAGCCCATCACAAGTCTATACAACATCTGGT","G:260:QEETLHSTTSEGYLSPSQVYTTSG"
"KU950524","2327:G;4624:A;5528:ACAACATCCGGTCAAGAGGAAACCCTCCACTCAACCACCTCCGAAGGCTATCCAAGCCCACCACAAGTCCAT","G:277:QVYTTSGQEETLHSTTSEGYPSPP"
"KU950506","2327:G;4624:A;5468:CAAGAGGAAACCCTCCACTCAACCACCTCCGAAGGCTATCTAAGCCCATCACAAGTCTATACAACATCCGGT","G:260:QEETLHSTTSEGYLSPSQVYTTSG"
"KU950644","2328:G;5525:CACACAACATCCGGTCAAGAGGAAACCCTCCACTCAACCACCTCCGAAGGCTATCCAAGCCCATCACAAG;5528:AC","G:260:QEETLHSTTSEGYPSPSQVHTTSG"
"KU950643","2327:G;4624:A;5468:CAAGAGGAAACCCTCCACTCAACCACCTCCGAAGGCTATCTAAGCCCATCACAAGTCTATACAACATCCGGT;7547:A","G:260:QEETLHSTTSEGYLSPSQVYTTSG"
"KU839631","2328:G;5525:CACACAACATCCGGTCAAGAGGAAACCCTCCACTCAACCACCTCCGAAGGCTATCCAAGCCCATCACAAG;5528:AC","G:260:QEETLHSTTSEGYPSPSQVHTTSG"
"KU950654","2327:G;5528:ACAACATCCGGTCAAGAGGAAACCCTCCACTCAACCACCTCCGAAGGCTATCCAAGCCCATCACAAGTCCAT","G:260:QEETLHSTTSEGYPSPSQVYTTSG"
"KU950546","2327:G",""
"KU950629","2327:G",""
"KU950636","2328:G;5468:CAAGAGGAAACCCTCCACTCAACCACCTCCGAAGGCTATCTAAGCCCATCACAAGTCTATACAACATCCGGT","G:260:QEETLHSTTSEGYLSPSQVYTTSG"
"KU950485","2327:G;4624:A;5528:ACTACATCCGGTCAAGAGGAAACCCTCCACTCAACCACCTTCGAAGGCTATCCAAGCCCATCACAAGTCCAT","G:270:EGYPSPSQVYTTSGQEETLHSTTF"
"KU950513","2328:GG;4624:A;5528:ACAACATCCGGTCAAGAGGAAACCCTCCACTCAACCACCTCCGAAGGCTATCCAAGCCCATCACAAGTCCAT","G:260:QEETLHSTTSEGHPSPSQVYTTSG"
"KU950491","2328:G;5525:CACACAACATCCGGTCAAGAGGAAACCCTCCACTCAACCACCTCCGAAGGCTATCCAAGCCCATCACAAG;5528:AC","G:260:QEETLHSTTSEGYPSPSQVHTTSG"
"KU950498","2327:G",""
"KU950661","2328:G;4624:A",""
"KU950472","2327:G;4624:A;5468:CAAGAGGAAACCCTCCACTCAACCACCTCCGAAGGCTATCTAAGCCCATCACAAGTCTATACAACATCCGGT;7584:A","G:260:QEETLHSTTSEGYLSPSQVYTTSG"
"KU950642","2327:G;4624:A;5528:ACAACATCCGGTCAAGAGGAAACCCTCCACTCAACCACCTCCGAAGGCTATCCAAGCCCATCACAAATCCAT","G:279:YTTSGQEETLHSTTSEGYPSPSQI"
"KU950698","2328:G;5525:CACACAACATCCGGTCAAGAGGAAACCCTCCACTCAACCACCTCCGAAGGCTATCCAAGCCCATCACAAG;5528:AC","G:260:QEETLHSTTSEGYPSPSQVHTTSG"
"KU839630","2328:G;5525:CACACAACATCCGGTCAAGAGGAAACCCTCCACTCAACCACCTCCGAAGGCTATCCAAGCCCATCACAAG;5528:AC","G:260:QEETLHSTTSEGYPSPSQVHTTSG"
"KU950475","2327:G;5528:ACAACATCCGGTCAAGAGGAAACCCTCCACTCAACCACCTCCGAAGGCTATCCAAGCCCATCACAAGTCCAT","G:260:QEETLHSTTSEGYPSPSQVYTTSG"
"KU316139","2328:AG;4647:AA",""
"KU950464","2328:G;5525:CACACAACATCCGGTCAAGAGGAAACCCTCCACTCAACCACCTCCGAAGGCTATCCAAGCCCATCACAAG;5528:AC","G:260:QEETLHSTTSEGYPSPSQVHTTSG"
"KU950511","0:G;2327:G;4624:A;5528:ACTACATCCGGTCAAGAGGAAACCCTCCACTCAACCACCTTCGAAGGCTATCCAAGCCCATCACAAGTCCAT","G:270:EGYPSPSQVYTTSGQEETLHSTTF"
"KU950696","2327:G;3212:G;5528:ACAACATCCGGTCAAGAGGAAACCCTCCACTCAACCACCTCCGAAGGCTATCCAAGCCCATCACAAGTCCAT","G:260:QEETLHSTTSEGYPSPSQVYTTSG"
"KU950519","2328:G;5525:CACACAACATCCGGTCAAGAGGAAACCCTCCACTCAACCACCTCCGAAGGCTATCCAAGCCCATCACAAG;5528:AC","G:260:QEETLHSTTSEGYPSPSQVHTTSG"
"KU950474","2327:G;4624:A;5528:ACTACATCCGGTCAAGAGGAAACCCTCCACTCAACCACCTTCGAAGGCTATCCAAGCCCATCACAAGTCCAT","G:270:EGYPSPSQVYTTSGQEETLHSTTF"
"KU316138","572:AAA;2328:G",""
"KU950655","2327:G;4624:A;5468:CAAGAGGAAACCCTCCACTCAACCACCTCCGAAGGCTATCTAAGCCCATCACAAGTCTATACAACATCCGGT","G:260:QEETLHSTTSEGYLSPSQVYTTSG"
"KU950518","2328:AG;5525:CACACAACATCCGGTCAAGAGGAAACCCTCCACTCAACCACCTCCGAAGGCTATCCAAGCCCATCACAAG;5528:AC","G:260:QEETLHSTTSEGYPSPSQVHTTSG"
"KU950483","2328:G;5528:ACAACATCCGGTCAAGAGGAAACCCTCCACTCAACCACCTCCGAAGGCTATCCAAGCCCATCACAAGTCCAT","G:260:QEETLHSTTSEGYPSPSQVYTTSG"
"KU950456","2328:G;5525:CACACAACATCCGGTCAAGAGGAAACCCTCCACTCAACCACCTCCGAAGGCTATCCAAGCCCATCACAAG;5528:AC","G:260:QEETLHSTTSEGYPSPSQVHTTSG"
"KU950677","2327:G;4624:A;5513:CCATCACAAGTCTATACAACATCCGGTCAAGAGGAAACCCTCCACTCAACCACCTCCGAAGGCTATCTAAAC","G:275:PSQVYTTSGQEETLHSTTSEGYLN"
"KU316092","572:AA;2322:AAAAAATA",""
"KU950541","2327:G",""
"KU950469","2327:G",""
"KU950487","2322:A;15015:A",""
"KU950615","2327:G;4624:A;5526:ACACAACATCCGGTCAAGAGGAAACCCTCCATTCAACCACCTCCGAAGGCCATCCAAGCCCATCACAAGTCC","G:260:QEETLHSTTSEGYPSPSQVYTTSG"
"KU950480","2327:G;4624:A;5528:ACTACATCCGGTCAAGAGGAAACCCTCCACTCAACCACCTTCGAAGGCTATCCAAGCCCACCACAAGTCCAT","G:277:QVYTTSGQEETLHSTTFEGYPSPP"
"KU950680","2327:G;4624:A;5528:ACTACATCCGGTCAAGAGGAAACCCTCCACTCAACCACCTTCGAAGGCTATCCAAGCCCATCACAAGTCCAT","G:270:EGYPSPSQVYTTSGQEETLHSTTF"
"KU950666","2327:G;4624:A;5504:TATCTAAGCCCATCCCAAGTCTATACAACATCCGGTCAAGAGGAAACCCTCCACTCAACCACCTCCGAAGAC","G:272:YLSPSQVYTTSGQEETLHSTTSED"
"KU950617","2322:A;5528:ACAACATCCGGTCAAGAGGAAACCCTCCACTCAACCACCTCCGAAGGCTATCCAAGCCCATCACAAGTCCAT","G:260:QEETLHSTTSEGYPSPSQVYTTSG"
"KU950540","2328:G;3214:A;4624:A;5474:GAAACCCTCCACTCAACCACCTCCGAAGGCTATCTAAGCCCATCACAAGTCTATACAACATCCGGTCAAGAG","G:260:QKETLHSTTSEGYLSPSQVYTTSG"
"KU839639","2328:G;5525:CACACAACATCCGGTCAAGAGGAAACCCTCCACTCAACCACCTCCGAAGGCTATCCAAGCCCATCACAAG;5528:AC","G:260:QEETLHSTTSEGYPSPSQVHTTSG"
"KU950493","2327:G;5528:ACAACATCCGGTCAAGAGGAAACCCTCCACTCAACCACCTCCGAAGGCTATCCAAGCCCATCACAAGTCCAT","G:260:QEETLHSTTSEGYPSPSQVYTTSG"
"KU950499","2327:G;4624:A;5468:CAAGAGGAAACCCTCCACTCAACCACCTCCGAAGGCTATCTAAGCCCATCACAAGTCTATACAACATCCGGT","G:260:QEETLHSTTSEGYLSPSQVYTTSG"
"KU950627","2327:G;4624:A;5528:ACAACATCCGGTCAAGAGGAAACCCTCCACTCAACCACCTCCGAAGGCTATCCAAGCCCATCACAAGTCCAT","G:269:SEGYPSPSQVYTTSGQEETLHSTT"
"KU950671","2327:G;5528:ACAACATCCGGTCAAGAGGAAACCCTCCACTCAACCACCTCCGAAGGCTATCCAAGCCCATCACAAGTCCAT","G:260:QEETLHSTTSEGYPSPSQVYTTSG"
"KU950639","2328:G;5525:CACACAACATCCGGTCAAGAGGAAACCCTCCACTCAACCACCTCCGAAGGCTATCCAAGCCCATCACAAG;5528:AC","G:260:QEETLHSTTSEGYPSPSQVHTTSG"
"KU950624","2327:G",""
"KU316125","572:AA;2328:G",""
"KU950507","2327:G",""
"KU950564","2322:AA;15015:A",""
"KU950634","2327:G",""
"KU950651","2327:G;4624:A;5468:CAAGAGGAAACCCTCCACTCAACCACCTCCAAAGGCTATCTAAGCCCATCCCAAGTCTATACAACATCCGGT","G:260:QEETLHSTTSKGYLSPSQVYTTSG"
"KU950563","2327:G",""
"KU316133","2328:G;4204:ATA;4624:A",""
"KU950528","2327:G",""
"KU950646","2327:G",""
"KU950585","2327:G;4624:A;5468:CAAGAGGAAACCCTCCACTCAACCACCTCCGAAGGCTATCTAAGCCCATCACAAGTCTATACAACATCCGGT","G:260:QEETLHSTTSEGYLSPSQVYTTSG"
"KU950523","2328:G;3214:A;4624:A;5474:GAAACCCTCCACTCAACCACCTCCGAAGGCTATCTAAGCCCATCACAAGTCTATACAACATCCGGTCAAGAG","G:260:QKETLHSTTSEGYLSPSQVYTTSG"
"KU950694","2327:G;5528:ACAACATCCGGTCAAGAGGAAACCCTCCACTCAACCACCTCCGAAGGCTATCCAAGCCCATCACAAGTCCAT","G:260:QEETLHSTTSEGYPSPSQVYTTSG"
"KU950521","2327:G;4624:A;5468:CAAGAGGAAACCCTCCACTCAACCACCTCCGAAGGCCATCCAAGCCCATCACAAGTCCACATAACATCCGGT","G:260:QEETLHSTTSEGHPSPSQVHITSG"
"KU950455","2328:G;5525:CACACAACATCCGGTCAAGAGGAAACCCTCCACTCAACCACCTCCGAAGGCTATCCAAGCCCATCACAAG;5528:AC","G:260:QEETLHSTTSEGYPSPSQVHTTSG"
"KU950670","2328:G;3214:A;4624:A;5468:CAAGAGGAAACCCTCCACTCAACCACCTCCGAAGGCTATCTAAGCCCATCACAAGTCTATACAACATCCGGT","G:260:QEETLHSTTSEGYLSPSQVYTTSG"
"KU950664","2327:G;4624:A;5468:CAAGAGGAAACCCTCCACTCAACCACCTCCGAAGGCTATCTAAGCCCATCACAAGTCTATACAACATCCGGT","G:260:QEETLHSTTSEGYLSPSQVYTTSG"
"KU839624","2328:G;5525:CACACAACATCCGGTCAAGAGGAAACCCTCCACTCAACCACCTCCGAAGGCTATCCAAGCCCATCACAAG;5528:AC","G:260:QEETLHSTTSEGYPSPSQVHTTSG"
"KU950579","2327:G",""
"KU950529","2327:G",""
"KU950501","2322:AA;15015:A",""
"KU950573","",""
"KU950560","2328:G;3214:A;4624:A;5474:GAAACCCTCCACTCAACCACCTCCGAAGGCTATCTAAGCCCATCACAAGTCTATACAACATCCGGTCAAGAG","G:260:QKETLHSTTSEGYLSPSQVYTTSG"
"KU950538","2327:G",""
"KU950595","2327:G",""
"KU950509","0:G;2327:G;4624:A;5528:ACTACATCCGGTCAAGAGGAAACCCTCCACTCAACCACCTTCGAAGGCTATCCAAGCCCATCACAAGTCCAT","G:270:EGYPSPSQVYTTSGQEETLHSTTF"
"KU950486","2327:G;4624:A;5474:GAAACCCTCCACTCAACCACCTCCGAAGGCTATCTAAGCCCATCACAAGTCTATACAACATCCGGTCAAGAG","G:260:QKETLHSTTSEGYLSPSQVYTTSG"
"KU950667","2322:A",""
"KU950685","2328:G;3214:A;4624:A;5474:GAAACCCTCCACTCAACCACCTCCGAAGGCTATCTAAGCCCATCACAAGTCTATACAACATCCGGTCAAGAG","G:260:QKETLHSTTSEGYLSPSQVYTTSG"
"KU950652","",""
"KU950554","2327:G",""
"KU950544","2328:G;5525:CACACAACATCCGGTCAAGAGGAAACCCTCCACTCAACCACCTCCGAAGGCTATCCAAGCCCATCACAAG;5528:AC","G:260:QEETLHSTTSEGYPSPSQVHTTSG"
"KU950608","2327:G;4624:A;5468:CAAGAGGAAACCCTCCACTCAACCACCTCCGAAGGCTATCTAAGCCCATCACAAGTCTATACAACATCCGGT","G:260:QEETLHSTTSEGYLSPSQVYTTSG"
"KU950522","2327:G",""
"KU950556","2327:G;4624:A;5468:CAAGAGGAAACCCTCCACTCAACCACCTCCGAAGGCTATCTAAGCCCATCACAAGTCTATACAACATCCGGT","G:260:QEETLHSTTSEGYLSPSQVYTTSG"
"KU950537","2327:G;4624:A;5468:CAAGAGGAAACTCTCCACTCAACCACCTCCGAAGGCTATCTAAGCCCATCACAAGTCTATACAACATCCGGT","G:260:QEETLHSTTSEGYLSPSQVYTTSG"
"KU950623","2328:G;5525:CACACAACATCCGGTCAAGAGGAAACCCTCCACTCAACCACCTCCGAAGGCTATCCAAGCCCATCACAAG;5528:AC","G:260:QEETLHSTTSEGYPSPSQVHTTSG"
"KU950673","2327:G;4628:AAT;5528:ACAACATCCGGTCAAGAGGAAACCCTCCACTCAACCACCTCCAAAGGCTATCCAAGCCCATCACAAGTCCAT","G:271:GYPSPSQVYTTSGQEETLHSTTSK"
"KU950686","2327:G;4624:A;5468:CAAGAGGAAACTCTCCACTCAACCACCTCCGAAGGCTATCTAAGCCCATCACAAGTCTATACAACATCCGGT","G:260:QEETLHSTTSEGYLSPSQVYTTSG"
"KU950520","2327:G;4624:A;5468:CAAGAGGAAACCCTCCACTCAACCACCTCCGAAGGCTATCTAAGCCCATCACAAGTCTATACAACATCCGGT","G:260:QEETLHSTTSEGYLSPSQVYTTSG"
"KU950536","2327:G",""
"KU950616","4987:C;8897:AAAGAA","L:133:KE"
"KU950632","2327:G",""
"KU950626","2327:G",""
"KU950502","2327:G;4624:A;5468:CAAGAGGAAACCCTCCACTCAACCACCTCCGAAGGCTATCTAAGCCCATCACAAGTCTATACAACATCCGGT","G:260:QEETLHSTTSEGYLSPSQVYTTSG"
"KU950598","2327:G;4624:A;5468:CAAGAGGAAACCCTCCACTCAACCACCTCTGAAGGCTATCTAAGCCCATCACAAGTCTATACAACATCCGGT","G:260:QEETLHSTTSEGYLSPSQVYTTSG"
"KU950692","2328:G;4624:A;5468:CAAGAGGAAACCCTCCACTCAACCACCTCCGAAGGCTATCCAAGCCCATCACAAGTCTATACAACATCCGGT","G:260:QEETLHSTTSEGYPSPSQVYTTSG"
"KU950631","2327:G;4624:A;5526:ACACAACATCCGGTCAAGAGGAAACCCTCCATTCAACCACCTCCGAAGGCCATCCAAGCCCATCACAAGTCC","G:260:QEETLHSTTSEGYPSPSQVYTTSG"
"KU950610","2327:G;4624:A;5468:CAAGAGGAAACCCTCCACTCAACCACCTCCGAAGGCTATCTAAGCCCATCACAAGTCTATACAACATCCGGT","G:260:QEETLHSTTSEGYLSPSQVYTTSG"
"KU950609","4987:C;8897:AAAGAA","L:133:KE"
"KU950658","2327:G",""
"KU950550","2327:G;4628:AAT;5468:CAAGAGGAAACCCTCCACTCAACCACCTCCGAAGGCTATCTAAGCCCATCACAAGTCTATACAACATCCGGT","G:260:QEETLHSTTSEGYLSPSQVYTTSG"
"KU950583","2328:G;3214:A;4624:A;5474:GAAACCCTCCACTCAACCACCTCCGAAGGCTATCTAAGCCCATCACAAGTCTATACAACATCCGGTCAAGAG","G:260:QKETLHSTTSEGYLSPSQVYTTSG"
"KU950561","2328:G;15015:A",""
"KU839626","2328:G;5525:CACACAACATCCGGTCAAGAGGAAACCCTCCACTCAACCACCTCCGAAGGCTATCCAAGCCCATCACAAG;5528:AC","G:260:QEETLHSTTSEGYPSPSQVHTTSG"
"KU950674","2327:G;4624:A;5528:ACTACATCCGGTCAAGAGGAAACCCTCCACTCAACCACCTTCGAAGGCTATCCAAGCCCATCACAAGTCCAT","G:270:EGYPSPSQVYTTSGQEETLHSTTF"
"KU950470","2327:G;4624:A;5468:CAAGAGGAAACCCTCCACTCAACCACCTCCGAAGGCTATCTAAGCCCATCACAAGTCTATACAACATCCGGT","G:260:QEETLHSTTSEGYLSPSQVYTTSG"
"KU950549","2328:G;5525:CACACAACATCCGGTCAAGAGGAAACCCTCCACTCAACCACCTCCGAAGGCTATCCAAGCCCATCACAAG;5528:AC","G:260:QEETLHSTTSEGYPSPSQVHTTSG"
"KU950527","2328:G;5525:CACACAACATCCGGTCAAGAGGAAACCCTCCACTCAACCACCTCCGAAGGCTATCCAAGCCCATCACAAG;5528:AC","G:260:QEETLHSTTSEGYPSPSQVHTTSG"
"KU950645","2327:G",""
"KU950596","2327:G;5528:ACAACATCCGGTCAAGAGGAAACCCTCCACTCAACCACCTCCGAAGGCTATCCAAGCCCATCACAAGTCCAT","G:269:SEGYPSPSQVYTTSGQEETLHSTT"
"KU950638","2328:G;5525:CACACAACATCCGGTCAAGAGGAAACCCTCCACTCAACCACCTCCGAAGGCTATCCAAGCCCATCACAAG;5528:AC","G:260:QEETLHSTTSEGYPSPSQVHTTSG"
"KU950581","2327:G;5468:CAAGAGGAAACCCTCCACTCAACCACCTCCGAAGGCTATCTAAGCCCATCACAAGTCTATACAACATCCGGT","G:260:QEETLHSTTSEGYLSPSQVYTTSG"
"KU950459","2328:G;3214:A;4624:A;5474:GAAACCCTCCACTCAACCACCTCCGAAGGCTATCTAAGCCCATCACAAGTCTATACAACATCCGGTCAAGAG","G:260:QKETLHSTTSEGYLSPSQVYTTSG"
"MN306048","2327:G;4624:A;5460:AAACAAGTCAAGAGGAAACCCTCCTCTCAACCACCTCCGAAGGCTATCTAAGCCCA;5468:CTATACAACATCCGGT","G:260:QEETLLSTTSEGYLSPXXXYTTSG"
"MN306050","2327:G",""
"MN306054","2327:GG",""
"MN310477","2327:G;4624:A",""
"KU950650","2328:G;5525:CACACAACATCCGGTCAAGAGGAAACCCTCCACTCAACCACCTCCGAAGGCTATCCAAGCCCATCACAAG;5528:AC","G:260:QEETLHSTTSEGYPSPSQVHTTSG"
"KX765920","2328:G","G:293:SS"
"MH383066","2328:G",""
"KX655615","2328:G",""
"KX655616","2328:G",""
"MN306017","2328:G;4624:A;5460:AAACAAGTCAAGAGGAAACCCTCCTCTCAACCACCTCCGAAGGCTATCTAAGCCCA;5468:CTATACAACATCCGGT","G:260:QEETLLSTTSEGYLSPXXXYTTSG"
"MN306030","2327:GG;5528:ACAACATCCGGTCAAGAGGAAACCCTCCACTCAACCACCTCCGAAGGCTATCCAAGTCCATCACAAGTCCAT","G:260:QEETLHSTTSEGYPSPSQVYTTSG"
"MN306031","2328:GG;5528:ACAACATCCGGTCAAGAGGAAACCCTCCACTCAACCACCTCCGAGGGCCATCCAGGCCCATCACAAGTCCAT","G:275:PSQVYTTSGQEETLHSTTSEGHPG"
"MN306029","2327:G;4624:A;5460:AAACAAGTCAAGAGGAAACCCTCCTCTCAACCACCTCCGAAGGCTATCTAAGCCCA;5468:CTATACAACATCCGGT","G:260:QEETLLSTTSEGYLSPXXXYTTSG"
"KX655617","",""
"KX655618","2328:G",""
"KX655619","2328:G",""
"KX655620","",""
"KX655621","2328:G",""
"KX655623","2328:G",""
"KX655622","",""
"KX655627","2328:G",""
"KX655628","",""
"KX655630","2328:G",""
"KX655631","2322:A",""
"KX655632","2328:G",""
"KX655634","2328:G",""
"KX655626","2328:G;4624:A;5468:CAAGAGGAAACCCTCCACTCAACCACCTCCGAAGGCTATCTAAGCCCATCACAAGTCTATACAACATCCGGT","G:260:QEETLHSTTSEGYLSPSQVYTTSG"
"KX655635","2328:G",""
"KX655636","",""
"KX655639","2328:G",""
"KX655638","2322:A",""
"KX655637","",""
"KX655647","2328:G",""
"KX655643","2328:G",""
"KX655651","2328:G",""
"KX655650","",""
"KX655652","2328:G",""
"KX655640","572:AA;2327:G;4624:A;5468:CAGGAGGAAACCCTCCACTCAACCACCTCCGAAGGCTATCCAAGCCCATCACAAGTCTACACAACATCCGGT","G:260:QEETLHSTTSEGYPSPSQVYTTSG"
"KX655656","2327:G",""
"KX655644","2327:G;4624:A;5526:ACACAACATCCGGTCAAGAGGAAACCCTCCACTCAACCACCTCCGAAGGCTATCCAAGCCCATCACAAGTCC","G:260:QEETLHSTTSEGYPSPSQVYTTSG"
"KX655657","2327:G",""
"KX655658","2322:A",""
"KX655659","2322:A",""
"KX655662","2328:G",""
"KX655663","2328:G",""
"KX655665","2325:AAT",""
"KX655667","2328:G",""
"KX655666","2328:G",""
"KX655670","2328:G",""
"KX655673","",""
"KX655676","2328:G",""
"KX655677","2328:G",""
"KX655672","2328:G",""
"KX655678","",""
"KX655675","2328:G;5468:CAAGAGGAAACCCTCCACTCAACCACCTCCGAAGGCTATCTAAGCCCATCACAAGTCTATACAACATCCGGT","G:260:QEETLHSTTSEGYLSPSQVYTTSG"
"KX655691","2328:G",""
"KX655679","2327:G",""
"KX655682","2328:G",""
"KX655687","2322:A",""
"KX655680","2328:G",""
"KX655689","2328:G",""
"KX655692","2328:G",""
"KX655695","2322:A",""
"KX655699","2322:A",""
"KX655694","5468:CAAGAGGAAACCCTCCACTCAACCACCTCCGAAGGCAACCCAAGCCCATCACAAGTCTATACAACATCCGGT","G:260:QEETLHSTTSEGNPSPSQVYTTSG"
"KX655697","2328:G",""
"KX655696","2328:G",""
"KX765896","2322:A",""
"KX765886","2328:AG;5526:ACACAACATCCGGTCAAGAGGAAACCCTCCACTCAACCACCTCCGAAGGCTATCCAAGCCCATCACAAGCCC","G:279:YTTSGQEETLHSTTSEGYPSPSQA"
"KX765887","2327:G;5468:CAAGAGGAAACCCTCCACTCAACCACCTCCGAAGGCTATCTAAGCCCATCACAAGTCTATACAACATCCGGT","G:260:QEETLHSTTSEGYLSPSQVYTTSG"
"KX765901","2328:G",""
"KX765891","4987:C;15015:A",""
"KX765894","2328:G;5468:CAAGAGGAAACCCTCCACTCAACCACCTCCGAAGGCTATCTAAGCCCATCACAAGTCTATACAACATCCGGT","G:260:QEETLHSTTSEGYLSPSQVYTTSG"
"KX765910","2328:G",""
"KX765902","2327:G;4624:A;5474:GAAACCCTCCACTCAACCACCTCCGAAGGCTATCTAAGCCCATCACAAGTCTATACAACATCCGGTCAAGAG","G:260:QKETLHSTTSEGYLSPSQVYTTSG"
"KX765898","2328:AG;5526:ACACAACATCCGGTCAAGAGGAAACCCTCCACTCAACCACCTCCGAAGGCTATCCAAGCCCATCACAAGCCC","G:279:YTTSGQEETLHSTTSEGYPSPSQA"
"KX765904","2327:G;5468:CAAGAGGAAACCCTCCACTCAACCACCTCCGAAGGCTATCTAAGCCCATCCCAAGTCTATACAACATCCGGT","G:260:QEETLHSTTSEGYLSPSQVYTTSG"
"KX765913","2328:G","G:293:SS"
"KX765918","2328:G",""
"KX765914","2327:G;5468:CAAGAGGAAACCCTCCACTCAACCACCTCCGAAGGCTATCTAAGCCCATCACAAGTCTATACAACATCCGGT","G:260:QEETLHSTTSEGYLSPSQVYTTSG"
"KX765911","2328:G;5468:CAAGAGGAAACCCTCCACTCAACCACCTCCGAAGGCTATCTAAGCCCATCACAAGTCTATACAACATCCGGT","G:260:QEETLHSTTSEGYLSPSQVYTTSG"
"MG642063","2322:A",""
"KX765915","0:G;2327:G;4624:A;5474:GAAACCCTCCACTCAACCACCTCCGAAGGCTATCTAAGCCCATCACAAGTCTATACAACATCCGGTCAAGAG","G:260:QKETLHSTTSEGYLSPSQVYTTSG"
"MG642071","572:AA;2328:G",""
"KX765916","2327:G;3212:G;4624:A;5468:CAAGAGGAAACCCTCCACTCAACCACCTCCGAAGGCTATCTAAGCCCATCCCAAGTCTATACAACATCCGGT","G:260:QEETLHSTTSEGYLSPSQVYTTSG"
"MG642070","2328:G",""
"KX765917","0:G;2327:G;4624:A;5474:GAAACCCTCCACTCAACCACCTCCGAAGGCTATCTAAGCCCATCACAAGTCTATACAACATCCGGTCAAGAG","G:260:QKETLHSTTSEGYLSPSQVYTTSG"
"MG642074","2328:G;15090:ATTTTTT",""
"KX765919","2327:G;5468:CAAGAGGAAACCCTCCACTCAACCACCTCCGAAGGCTATCTAAGCCCATCCCAAGTCTATACAACATCCGGT","G:260:QEETLHSTTSEGYLSPSQVYTTSG"
"KY782635","","G:293:SS"
"KY460517","2304:AT",""
"KY982516","2327:G;5528:ACAACATCCGGTCAAGAGGAAACCCTCCACTCAACCACCTCCGAAGGCTATCCAAGCCCATCACAAGTCCAT","G:260:QEETLHSTTSEGYPSPSQVYTTSG"
"KY967362","2328:GG;7584:A",""
"KX765928","",""
"KY982517","2327:G;4624:A;5528:ACAACATCCGGTCAAGAGGAAACCCTCCACTCAACCACCTCCGAAGGCTATCCAAGCCCATCACAAGTCCAT","G:260:QEETLHSTTSEGYPSPSQVYTTSG"
"KX765925","2327:G;4624:A;5492:ACCTCCGAAGGCTATCTAAGCCCATCACAAGTCTATACAACATCCGGTCAAGAGGAAACCCTCCACTCAACC","G:260:QEETLHSTTSEGYLSPSQVYTTSG"
"KX765933","2327:G;15015:A;15063:TA",""
"KX765926","2328:G;4624:A;5468:CAAGAGGAAACCCTCCACTCAACCACCTCCAAAGGCTATCTAAGCCCATCACAAGTCCATACAACATCCGGT","G:260:QEETLHSTTSKGYLSPSQVHTTSG"
"KX765934","2328:G","G:293:SS"
"KX765931","2328:G;5468:CAAGAGGAAACCCTCCACTCAACCACCTCCGAAGGCTATCTAAGCCCATCACAAGTCTATACAACATCCGGT","G:260:QEETLHSTTSEGYLSPSQVYTTSG"
"KX765932","2327:G;5468:CAAGAGGAAACCCTCCACTCAACCACCTCCGAAGGCTATCTAAGCCCATCACAAGTCTATACAACATCCGGT","G:260:QEETLHSTTSEGYLSPSQVYTTSG"
"KX765971","2327:G;5468:CAAGAGGAAACCCTCCACTCAACCACCTCCGAAGGCTATCTAAGCCCATCCCAAGTCTATACAACATCCGGT","G:260:QEETLHSTTSEGYLSPSQVYTTSG"
"MG642032","2319:AATAAA",""
"MG642030","572:AAA",""
"KX765936","2328:G;5468:CAAGAGGAAACCCTCCACTCAACCACCTCCGAAGGCTATCTAAGCCCATCACAAGTCTATACAACATCCGGT;15073:ATTAAT","G:260:QEETLHSTTSEGYLSPSQVYTTSG"
"KX765972","2327:G;5468:CAAGAGGAAACCCTCCACTCAACCACCTCCGAAGGCTATCTAAGCCCATCCCAAGTCTATACAACATCCGGT","G:260:QEETLHSTTSEGYLSPSQVYTTSG"
"MG642031","2328:G;3183:AC;4624:A",""
"MG642033","2328:AG;4647:A",""
"KX765974","2327:G;5468:CAAGAGGAAACCCTCCACTCAACCACCTCCGAAGGCTATCTAAGCCCATCCCAAGTCTATACAACATCCGGT","G:260:QEETLHSTTSEGYLSPSQVYTTSG"
"MG642034","2328:G",""
"MG642035","572:AA;2328:G",""
"KX765977","2327:G;4624:A;5526:ACACAACATCCAGTCAAGAGGAAACCCTCCACTCAACCACCTCCGAAGGCTATCCAAGCCCATCACAAGTCC","G:259:SQEETLHSTTSEGYPSPSQVYTTS"
"MG642040","2319:AATAAA",""
"MG642055","2328:G;4624:A",""
"MG642050","2328:AG;4647:AA",""
"MG642052","2322:A;4624:A;15060:ATTTAAA",""
"MG642048","1710:A;2328:G;4624:A",""
"MG642056","2328:G",""
"MG642061","2328:G;4624:A;15060:ATTTAAA",""
"MG642058","2319:AATAAA",""
"KX765937","2328:G","G:293:SS"
"KX765942","",""
"KX765946","2328:G",""
"KX765938","2328:G;5468:CAAGAGGAAACCCTCCACTCAACCACCTCCGAAGGCTATCTAAGCCCATCACAAGTCTATACAACATCCGGT","G:260:QEETLHSTTSEGYLSPSQVYTTSG"
"KX765940","2327:G;5468:CAAGAGGAAACCCTCCACTCAACCACCTCCGAAGGCTATCTAAGCCCATCCCAAGTCTATACAACATCCGGT","G:260:QEETLHSTTSEGYLSPSQVYTTSG"
"KX765939","2327:G;5468:CAAGAGGAAACCCTCCACTCAACCACCTCCGAAGGCTATCTAAGCCCATCCCAAGTCTATACAACATCCGGT","G:260:QEETLHSTTSEGYLSPSQVYTTSG"
"KX765941","2327:G;4624:A;5468:CAAGAGGAAACCCTCCACTCAACCACCTCCAAAGGCTATCTAAGCCCATCCCAAGTCTATACAACATCCGGT","G:260:QEETLHSTTSKGYLSPSQVYTTSG"
"KX765944","2327:G;3212:G;4624:A;5468:CAAGAGGAAACCCTCCACTCAACCACCTCCGAAGGCTATCTAAGCCCATCCCAAGTCTATACAACATCCGGT","G:260:QEETLHSTTSEGYLSPSQVYTTSG"
"KX765948","2327:G;5468:CAAGAGGAAACCCTCCACTCAACCACCTCCGAAGGCTATCTAAGCCCATCACAAGTCTATACAACATCCGGT","G:260:QEETLHSTTSEGYLSPSQVYTTSG"
"KX765953","2328:G","G:293:SS"
"KX765951","2327:G;5468:CAAGAGGAAACCCTCCACTCAACCACCTCCGAAGGCTATCTAAGCCCATCACAAGTCTATACAACATCCGGT","G:260:QEETLHSTTSEGYLSPSQVYTTSG"
"KX765950","2327:G;5468:CAAGAGGAAACCCTCCACTCAACCACCTCCGAAGGCTATCTAAGCCCATCACAAGTCTATACAACATCCGGT","G:260:QEETLHSTTSEGYLSPSQVYTTSG"
"KX765958","2322:A",""
"KX765954","2327:G;5468:CAAGAGGAAACCCTCCACTCAACCACCTCCGAAGGCTATCTAAGCCCATCCCAAGTCTATACAACATCCGGT","G:260:QEETLHSTTSEGYLSPSQVYTTSG"
"KX765955","2327:G;5468:CAAGAGGAAACCCTCCACTCAACCACCTCCGAAGGCTATCTAAGCCCATCACAAGTCTATACAACATCCGGT","G:260:QEETLHSTTSEGYLSPSQVYTTSG"
"KX765956","2327:G;5468:CAAGAGGAAACCCTCCACTCAACCACCTCCGAAGGCTATCTAAGCCCATCACAAGTCTATACAACATCCGGT","G:260:QEETLHSTTSEGYLSPSQVYTTSG"
"KX765969","2328:G","G:293:SS"
"KX894796","2328:G;4624:A",""
"KX765967","2328:G;5468:CAAGAGGAAACCCTCCACTCAACCACCTCCGAAGGCTATCTAAGCCCATCACAAGTCTATACAACATCCGGT;15073:ATTAAT","G:260:QEETLHSTTSEGYLSPSQVYTTSG"
"KX894798","4987:C;8897:AAAGAA","L:133:KE"
"KX765960","2322:A;5468:CAAGAGGAAACCCTCCATTCAACCACCTCCGAAGGCTATCTAAGCCCATCACAAGTCTATACAACATCCGGT","G:260:QEETLHSTTSEGYLSPSQVYTTSG"
"KX765970","2327:G;4624:A;5468:CAAGAGGAAACCCTCCACTCAACCACCTCCGAAGGCTATCTAAGCCCATCCCAAGTCTATACAACATCCGGT","G:260:QEETLHSTTSEGYLSPSQVYTTSG"
"KX894800","2322:AA;15015:A",""
"KX894797","2327:G;4624:A;5468:CAAGAGGAAACCCTCCACTCAACCACCTCCGAAGGCTATCTAAGCCCATCACAAGTCTATACAACATCCGGT","G:260:QEETLHSTTSEGYLSPSQVYTTSG"
"KX894799","2327:G;5528:ACAACATCCGGTCAAGAGGAAACCCTCCACTCAACCACCTCCGAAGGCTATCCAAGCCCATCACAAGTCCAT","G:260:QEETLHSTTSEGYPSPSQVYTTSG"
"MH279547","2328:AGG;4624:A",""
"KX894803","2328:G;5528:ACAACATCCGGTCAAGAGGAAACCCTCCACTCAACCACCTCCGAAGGCTATCCAAGCCCATCACAAGTCCAT","G:260:QEETLHSTTSEGYPSPSQVYTTSG"
"KX894806","2327:G;4624:A;5468:CAAGAGGAAACCCTCCACTCAACCACCTCCGAAGGCTATCTAAGCCCATCACAAGTCTATACAACATCCGGT","G:260:QEETLHSTTSEGYLSPSQVYTTSG"
"KX894804","2327:G;4624:A;5528:ACTACATCCGGTCAAGAGGAAACCCTCCACTCAACCACCTTCGAAGGCTATCCAAGCCCATCACAAGTCCAT","G:270:EGYPSPSQVYTTSGQEETLHSTTF"
"KX894805","2327:G;4624:A;5468:CAAGAGGAAACCCTCCACTCAACCACCTCCGAAGGCTATCTAAGCCCATCACAAGTCTATACAACATCCGGT","G:260:QEETLHSTTSEGYLSPSQVYTTSG"
"MG431254","16:AC;2328:G",""
"MH290724","2327:G;5468:CAAGAGGAAACCCTCCACTCAACCACCTCCGAAGGTTATCTAAGCCCATCACAAGTCTATACAACATCCGGT","G:260:QEETLHSTTSEGYLSPSQVYTTSG"
"MG642024","2319:AATAAA",""
"MG431255","2322:A",""
"MG642026","2328:G",""
"MG642028","2319:AATAAA",""
"MF001039","2328:G",""
"MF001041","2328:G",""
"MF001043","2328:G",""
"MG027862","2328:G;7560:TGA;15015:A;15191:CT",""
"KY883567","2328:GG;5537:GGTCAAGAGGAAACCCTCCACTCAACCACCTCCGAAGGCTATCTAAGCCCATCACAAATCTATACAACATCT;5596:G;5607:A","G:279:YTTSGQEETLHSTTSEGYLSPSQI"
"MF001049","2328:G",""
"MF001050","2328:G",""
"KY883566","2328:GG;3212:G;5537:GGTCAAGAGGAAACCCTCCACTCAACCACCTCCGAAGGCTATCTAAGCCCATCACAAATCTATACAACATCT;5596:G","G:279:YTTSGQEETLHSTTSEGYLSPSQI"
"MF001053","2328:G",""
"MF001054","2328:G",""
"MF001052","2328:G",""
"MF001051","2328:G",""
"MF001056","2328:G",""
"MG642077","572:AAA;2328:G",""
"MG642079","2328:G;3183:AC;4624:A",""
"MF001057","2327:G;4624:A",""
"MG642080","2328:AG;4647:AA",""
"MG642081","2328:G",""
"MG642083","2322:A;3183:AC;4624:A",""
"MK167035","2327:G;4624:A",""
"MK167036","2328:G",""
"MK749886","2327:G;3214:A;4624:A;5528:ACAACATCCGGTCAAGAGGAAACCCCCCACTCAACCACCTCCGAAGGCTATCCAAGCCCATCACAAGTCCAC","G:260:QKETLHSTTSEGYPSPSQVYTTSG"
"MK749884","2328:G;4624:A;5528:ACAACATCTGGTCAAGAGAAAACCCTCCACTCAACCACCTCCGAAGGCTATCCAAGCCCATCACAAGTCCAT","G:263:TLHSTTSEGYPSPSQVYTTSGQEK"
"MK749867","2327:G;3214:A;4624:A;5528:ACAACATCCGGTCAAGAGGAAACCCCCCACTCAACCACCTCCGAAGGCTATCCAAGCCCATCACAAGTCCAC","G:260:QKETLHSTTSEGYPSPSQVYTTSG"
"MK749890","2327:G;3214:A;4624:A;5528:ACAACATCCGGTCAAGAGGAAACCCCCCACTCAACCACCTCCGAAGGCTATCCAAGCCCATCACAAGTCCAC","G:260:QKETLHSTTSEGYPSPSQVYTTSG"
"MK749895","2328:G;4624:A;5510:AGCCCATCACAAGTCTATACAACATCCGGTCAAGAGGAAACCCTCCACTCAACCACCTCCGAAGGCTATCTA","G:274:SPSQVYTTSGQEETLHSTTSEGYL"
"MK749893","2327:G;3214:A;4624:A;5528:ACAACATCCGGTCAAGAGGAAACCCCCCACTCAACCACCTCCGAAGGCTATCCAAGCCCATCACAAGTCCAC","G:260:QKETLHSTTSEGYPSPSQVYTTSG"
"MF614946","2327:G;4624:A;5538:GTCAAGAGGAAACCCTCCACTCAACCACCTCCGAAGGCTATCTAAGCCCATCACAAGTCTATACAACATCCA","G:279:YTTSGQEETLH;G:284:GYLSPSQVYTTSK"
"MF614947","2327:G;4624:A;5468:CAAGAGGAAACCCTCCACTCAACCACCTCCGAAGGCTATCTAAGCCCATCACAAATCTATACAACATCCGGT;15194:A","G:260:QEETLHSTTSEGYLSPSQIYTTSG"
"MH447952","0:C;2327:G;4624:A;5468:CAAGAGGAAACCCTCCACTCAACCACCTCCGAAGGCTATCTAAGCCCATCACAAGTCTATACAACATCCGGT","G:260:QEETLHSTTSEGYLSPSQVYTTSG"
"MH447951","0:TC;2327:G;4624:A;5468:CAAGAGGAAACCCTCCACTCAACCACCTCCGAAGGCTATCTAAGCCCATCACAAGTCTATACAACATCCGGT","G:260:QEETLHSTTSEGYLSPSQVYTTSG"
"MH447955","2327:G;4624:A;5504:TATCTAAGCCCATCACAAGTCTATACAACATCCGGTCAAGAGGAAACCCTCCACTCAACCACCTCCGAAGGT","G:260:QEETLHSTTSEGYLSPSQVYTTSG"
"MH447956","2327:G;4624:A;5504:TATCTAAGCCCATCACAAGTCTATACAACATCCGGTCAAGAGGAAACCCTCCACTCAACCACCTCCGAAGGT","G:260:QEETLHSTTSEGYLSPSQVYTTSG"
"MH447953","2327:G;4624:A;5528:ACAACATCCGGTCAAGAGGAAACCCTCCACTCAACCACCTCCGAAGGCTATCCAAGCCCATCACAAGTCCAT","G:260:QEETLHSTTSEGYPSPSQVYTTSG"
"MH447958","572:AA;2327:G;3177:A;3214:A;4624:A;5474:GAAACCATCCACTCAACCACCTCCGAAGGCTATCTAAGCCCATCACAAGTCTATACAACATCCGGTCAAGAG","G:260:QKETIHSTTSEGYLSPSQVYTTSG"
"MH447959","2327:G;4624:A;5474:GAAACCCTCCACTCAACCACCTCCGAAGGCTATCTAAGCCCATCACAAGTCTATACAACATCCGGTCAAGAG","G:260:QKETLHSTTSEGYLSPSQVYTTSG"
"MH447957","2327:G;5468:CAAGAGGAAACCCTCCACTCAACCACCTCCGAAGGCTATCTAAGCCCATCACAAGTCTATACAACATCCGGT","G:260:QEETLHSTTSEGYLSPSQVYTTSG"
"MG793382","2328:G;5474:GAAACCCTCCACTCAACCACCTCCGAAGGCTATCCAAGCCCATCACAAGTCTATACAACATCCGGTCAAGAG","G:260:QKETLHSTTSEGYPSPSQVYTTSG"
"MH447960","2327:G;5510:AGCCCATCACAAGTCTATACAACATCCGGTCAAGAGGAAACCCTCCACTCAACCACCTCCGAAGGCTATCTA","G:279:YTTSGQEETLH;G:284:GYL;G:288:VYTTSEFLSQS"
"MK109763","2322:A",""
"LC474558","36:AG;2327:G;5510:AGCCCATCACAAGTCTATACAACATCCGGTCAAGAGGAAACCCTCCACTCAACCACCTCCGAAGGCTATCTA","G:274:SPSQVYTTSGQEETLHSTTSEGYL"
"MK109772","2322:A",""
"LC474557","2328:G;4624:A;5510:AACTCATCACAAGTCTATACAACATCCGGTCAAGAGGAAACCCTCCACTCAACCACCTCCGAAGGCTATCTA","G:274:NSSQVYTTSGQEETLHSTTSEGYL"
"LC474556","2327:G;4624:A;5526:ACACAACATCCGGTCAAGAGGAAACCCTCCACTCAACCACCTCCGAAGGCCATCCAAGCCCATCACAAGTCC","G:260:QEETLHSTTSEGYPSPSQVYTTSG"
"MG839543","2327:G;3214:A;4624:A;5468:CAAGCGGAAACCCTCCACTCAACCACCTCTGAAGGCTATCTAAGCCCATCCCAAGTCTATACAACATCCGGT","G:260:QAETLHSTTSEGYLSPSQVYTTSG"
"MK109777","2322:A",""
"MK109785","",""
"MK109774","",""
"MK109776","2328:G",""
"MK109773","2328:G",""
"MK109775","",""
"MK749909","2328:G;4624:A;5510:AGCCCATCACAAGTCTATACAACATCCGGTCAAGAGGAAACCCTCCACTCAACCACCTCCGAAGGCTATCTA","G:274:SPSQVYTTSGQEETLHSTTSEGYL"
"MK749912","2327:G;4624:A;5498:GAAGGCTACCTAAGCCCACCACAAGTCCATACAACATCCGGTCAAGAGGAAACCCTCCACTCAACCACCCCC","G:270:EGYLSPPQVHTTSGQEETLHSTTP"
"MN630088","2328:G;4624:A;5468:CAAGAGGAAACCCTCTACTCAACCACATCCGAAGGCTATTCAAGCCCATCACAAGTCTATACAACATCCGGT","G:260:QEETLYSTTSEGYSSPSQVYTTSG"
"MK749917","2327:G;3214:A;4624:A;5528:ACAACATCCGGTCAAGAGGAAACCCCCCACTCAACCACCTCCGAAGGCTATCCAAGCCCATCACAAGTCCAC","G:260:QKETLHSTTSEGYPSPSQVYTTSG"
"MK749913","2327:G;4624:A;5498:GAAGGCTACCTAAGCCCACCACAAGTCCATACAACATCCGGTCAAGAGGAAACCCTCCACTCAACCACCCCC","G:270:EGYLSPPQVHTTSGQEETLHSTTP"
"MN630090","2328:G;4624:A;5468:CAAGAGGAAACCCTCTACTCAACCACATCCGAAGGCTATTCAAGCCCATCACAAGTCTATACAACATCCGGT","G:260:QEETLYSTTSEGYSSPSQVYTTSG"
"MN630089","2327:G;4624:A;5537:GGTCAAGAGGAAACCCTCCACTCAACCACCTCCGAAGGCTATCTAAGCCCATCACAAGTCTATACAACATCT","G:260:QEETLHSTTSEGYLSPSQVYTTSG"
"MK749911","2327:G;3214:A;4624:A;5528:ACAACATCCGGTCAAGAGGAAACCCCCCACTCAACCACCTCCGAAGGCTATCCAAGCCCATCACAAGTCCAC","G:260:QKETLHSTTSEGYPSPSQVYTTSG"
"MN630092","2328:G",""
"MN630097","2328:G",""
"MN630093","2327:G;4624:A;5468:CAAGAGGAAACCCTCCACTCAACCACCTCCGAAGGCTATCTAAGCCCATCCCAAGTCTATACAACATCCGGT","G:260:QEETLHSTTSEGYLSPSQVYTTSG"
"MN630101","2327:G;4624:A;5510:AGCCCATCACAAGTCTACACAACATCCGGTCAAGAGGAAACCCTCCACTCAACCACCTCCGAAGGCTATCTA","G:274:SPSQVYTTSGQEETLHSTTSEGYL"
"MN630099","2327:G;4624:A;5537:GGTCAAGAGGAAACCCTCCACTCAACCACCTCCGAAGGCTATCTAAGCCCATCACAAGTCTATACAACATCT","G:260:QEETLHSTTSEGYLSPSQVYTTSG"
"MN630096","2328:G;4624:A;5468:CAAGAGGAAACCCTCTACTCAACCACATCCGAAGGCTATTCAAGCCCATCACAAGTCTATACAACATCCGGT","G:260:QEETLYSTTSEGYSSPSQVYTTSG"
"MN630098","2328:G;4624:A;5468:CAAGAGGAAACCCTCCACTCAACCACATCTGAAGGCTATTCAAGCCCATCACAAGTCTATACAACATCCGGT","G:260:QEETLHSTTSEGYSSPSQVYTTSG"
"MN630100","2327:G;3214:A;4624:A;5474:GAAACCCTCCACTCAACCACCTCTGAAGGCTATCTAAGCCCATCACAAGTCTATACAACATCCGGTCAAGAG","G:279:YTTSGQEETLH;G:284:GYSSPSQVYTTSK"
"MN630102","2327:G;3214:A;4624:A;5507:CTAAGCCCATCACAAGTCTATACAACATCCGGTCAAGAGGAAACCCTCCACTCAACCACCTCCGAAGGCTAC","G:260:QKETLHSTTSEGYLSPSQVYTTSG"
"MN630107","2328:G;8258:AA",""
"MN630103","2327:G;4624:A;5519:CAAGTCTATACAACATCCGGTCGAGAGGAAACCCTCCACTCAACCACCTCCGAAGGCTATCTAAGCCCATCA","G:261:EETLHSTTSEGYLSPSQVYTTSGR"
"MN630104","2328:G;4624:A;5468:CAAGAGGAAACCCTCCACTCAACCACATCTGAAGGCTATTCAAGCCCATCACAAGTCTATACAACATCCGGT","G:260:QEETLHSTTSEGYSSPSQVYTTSG"
"MG813977","2327:G;5528:ACAACATCCGGTCAAGAGGAAACCCTCCACTCAACCACCTCCGAAGGCTATCCAAGCCCATCACAAGTCCAT","G:260:QEETLHSTTSEGYPSPSQVYTTSG"
"MG813978","2327:G;4624:A;5468:CAAGAGGAAACCCTCCACTCAACCACCTCCGAAGGCTATCTAAGCCCATCACAAGTCTATACAACATCCGGT","G:260:QEETLHSTTSEGYLSPSQVYTTSG"
"MN630105","2328:G;5526:ACACAACATCCGGTCAAGAGGAAACCCTCCACTCAACCACCTCCGAAGGCTATCCAAGCCCATCACAAGTCC","G:260:QEETLHSTTSEGYPSPSQVYTTSG"
"MG813980","2327:G;4624:A;5468:CAAGAGGAAACCCTCCACTCAACCACCTCCGAAGGCTATCTAAGCCCATCCCAAGTCTATACAACATCCGGT","G:260:QEETLHSTTSEGYLSPSQVYTTSG"
"MG813979","2327:G;4624:A;5468:CAAGAGGAAACCCTCCACTCAACCACCTCCGAAGGCTATCTAAGCCCATCACAAGTCTATACAACATCCGGT","G:260:QEETLHSTTSEGYLSPSQVYTTSG"
"MG813982","2327:G;4624:A;5468:CAAGAGGAAACCCTCCACTCAACCACCTCCGAAGGCTATCTAAGCCCATCCCAAGTCTATACAACATCCGGT","G:260:QEETLHSTTSEGYLSPSQVYTTSG"
"MG813981","2327:G;4624:A;5468:CAAGAGGAAACCCTCCACTCAACCACCTCCGAAGGCTATCTAAGCCCATCCCAAGTCTATACAACATCCGGT","G:260:QEETLHSTTSEGYLSPSQVYTTSG"
"MG813984","2327:G;4624:A;5466:GCCAAGAGGAAACCCTCCACTCAACCACCTCCGAAGGCTATCTAAGCCCATCCCAAGTCTATACAACATCCG","G:260:QEETLHSTTSEGYLSPSQVYTTSG"
"MG813983","2327:G;4624:A;5468:CAAGAGGAAACCCTCCACTCAACCACCTCCGAAGGCTATCTAAGCCCATCCCAAGTCTATACAACATCCGGT","G:260:QEETLHSTTSEGYLSPSQVYTTSG"
"MG813985","2327:G;4624:A;5466:GCCAAGAGGAAACCCTCCACTCAACCACCTCCGAAGGCTATCTAAGCCCATCCCAAGTCTATACAACATCCG","G:260:QEETLHSTTSEGYLSPSQVYTTSG"
"MG813987","2327:G;5468:CAAGAGGAAACCCTCCACTCAACCACCTCCGAAGGCTATCTAAGCCCATCACAAGTCTATACAACATCCGGT","G:260:QEETLHSTTSEGYLSPSQVYTTSG"
"MG813986","2327:G;5468:CAAGAGGAAACCCTCCACTCAACCACCTCCGAAGGCTATCTAAGCCCATCACAAGTCTATACAACATCCGGT","G:260:QEETLHSTTSEGYLSPSQVYTTSG"
"MG813988","2327:G;4624:A;5468:CAAGAGGAAACCCTCCACTCAACCACCTCCGAAGGCTATCTAAGCCCATCACAAGTCTATACAACATCCGGT","G:260:QEETLHSTTSEGYLSPSQVYTTSG"
"MG813990","2327:G;4624:A;5468:CAAGAGGAAACCCTCCACTCAACCACCTCCGAAGGCTATCTAAGCCCATCACAAGTCTATACAACATCCGGT","G:260:QEETLHSTTSEGYLSPSQVYTTSG"
"MG813993","2327:G;5528:ACAACATCCGGTCAAGAGGAAACCCTCCACTCAACCACCTCCGAAGGCTATCCAAGCCCATCACAAGTCCAT","G:260:QEETLHSTTSEGYPSPSQVYTTSG"
"MG813991","2327:G;4624:A;5468:CAAGAGGAAACCCTCCACTCAACCACCTCCGAAGGCTATCTAAGCCCATCACAAGTCTATACAACATCCGGT","G:260:QEETLHSTTSEGYLSPSQVYTTSG"
"MG813992","2327:G;5528:ACAACATCCGGTCAAGAGGAAACCCTCCACTCAACCACCTCCGAAGGCTATCCAAGCCCATCACAAGTCCAT","G:260:QEETLHSTTSEGYPSPSQVYTTSG"
"MN531557","2327:G;4624:A;5468:CAAGAGGAAACCCTCCACTCAACCACCTCCGAAGGCTATCTAAGCCCATCACAAGTCTATACAACATCCGGT","G:260:QEETLHSTTSEGYLSPSQVYTTSG"
"MN630106","2328:G;4624:A;5465:AGTCAAGAGGAAACCCTCCACTCAACCACATCCGAAGGCTATTCAAGCCCATCACAAGTCTATACAACATCC","G:259:SQEETLHSTTSEGYSSPSQVYTTS"
"LC530050","2328:G;5474:GAAACCCTCCACTCAACCACCTCCGAAGGCTATCCAAGCCCATCACAAGTCTATACAACATCCGGTCAAGAG","G:260:QKETLHSTTSEGYPSPSQVYTTSG"
"MT422270","2327:G;3175:CC;4624:A;5460:AAACAAGTCAAGAGGAAACCCTCCTCTCAACCACCTCCGAAGGCTATCTAAGCCCA;5468:CTATACAACATCCGGT","G:260:QEETLLSTTSEGYLSPXXXYTTSG"
"MN251607","1143:ATAAGT;2328:G;5468:CAAGAGGAAACCCTCCACTCAACCACCTCCGAAGGCTATCCAAACCCATCACAAGTCTATACAACATCCGAG","G:272:YP;G:275:QVYTTSEQEETLHSTTSEGYPN;N:0:LI"
"MT422271","2327:G;4624:A;5460:AAACAAGTCAAGAGGAAACCCTCCTCTCAACCACCTCCGAGGGCTATCTAAGCCCA;5468:CTATACAACATCCGGT","G:260:QEETLLSTTSEGYLSPXXXYTTSG"
"MT422272","2327:G;4624:A;5460:AAACAAGTCAAGAGGAAACCCTCCTCTCAACCACCTCCGAGGGCTATCTAAGCCCA;5468:CTATACAACATCCGGT","G:260:QEETLLSTTSEGYLSPXXXYTTSG"
"MT422273","2327:G;4624:A;5460:AAACAAGTCAAGAGGAAACCCTCCTCTCAACCACCTCCGAGGGCTATCTAAGCCCA;5468:CTATACAACATCCGGT","G:260:QEETLLSTTSEGYLSPXXXYTTSG"
"MW020596","2327:G;5483:CACTCAACCACCTCCGAAGGCTATCTAAGCCCATCACAAGTCTATACAACATCCGGTCAAGAGGAAACC","G:264:LHSTTSEGYLSPSQVYTTSGQEE"
"MW020597","2327:G;5492:ACCTCCGAAGGCTATCTAAGCCCATCACAAGTCTATACAACATCCGGTCAAGAGGAAACCCACTCAACC","G:264:LHSTTSEGYLSPSQVYTTSGQEE"
"MW020598","2327:G;5468:CAAGAGGAAACCCTCCACTCGACCACCTCCGAAGGCTATCTAAGCCCATCACAAGTCTATACAACATCCGGT","G:260:QEETLHSTTSEGYLSPSQVYTTSG"
"MW020599","2327:G;5468:CAAGAGGAAACCCTCCACTCGACCACCTCCGAAGGCTATCTAAGCCCATCACAAGTCTATACAACATCCGGT","G:260:QEETLHSTTSEGYLSPSQVYTTSG"
"MT506703","2328:AG;3132:TCACAAA;3136:CTCAC;3145:G;4150:T;4607:C;5537:GGTCAA;5633:GTACCT;5657:CTTCATCC;5661:C;7584:A","G:283:GQ"
"MW160746","2327:G;4624:A",""
"MW582528","2327:G;4624:A;5468:CAAGAGGAAACCCTCCACTCAACCACCTCCAAAGGCTATCTAAGCCCATCCCAAGTCTATACAACATCCGGT","G:260:QEETLHSTTSKGYLSPSQVYTTSG"
"MW033958","2327:G;4624:A;5474:GAAACCCTCCACTCAACCACCTCCGAAGGCTATCTAAGCCCATCACAAGTCTATACAACATCCGGTCAAGAG","G:260:QKETLHSTTSEGYLSPSQVYTTSG"
"MW160749","2327:G;3214:A;5483:CACTCAACCACCTCCGAAGACTATCCAAGCCCATCACAAGTCTATACAACATCCGGTCAAGAGGAAACCCTT","G:260:QKETLHSTTSEDYPSPSQVYTTSG"
"MW160747","2327:G;4624:A;5528:ACAACATCCGGTCAAGAGGAAACCCTCCACTCAACCACCTCCGAAGGCTATCCAAGCCCATCACAAGTCCAT","G:260:QEETLHSTTSEGYPSPSQVYTTSG"
"MW160753","2327:G;4624:A;5516:TCACAAGTCTATACAACATCCGGTCAAGAGGAAACCCTCCACTCAACCACCTCCGAAGGCTATCTAAGCTCA","G:276:SQVYTTSGQEETLHSTTSEGYLSS"
"MW160759","2327:G;4624:A;5474:GAAACCCTCCACTCAACCACCTCTGAAGGCTATCTAAGCCCATCACAAGTCTATACAACATCCGGTCAAGAG","G:279:YTTSGQEETLH;G:284:GYSSPSQVYTTSK"
"MW160758","2327:G;5471:GAGGACACCCTCCACTCAACCACCTCCGAAGGCTATCCAAGCCCATCACAAGTCTATACAACATCCGGTCTA","G:261:EDTLHSTTSEGYPSPSQVYTTSGL"
"MW160756","2327:G;4624:A;5318:A;5537:GGTCAAGAGGAAACCCTCCACTCAACCACCTCCGAAGGCTATCCAAGCCCATCACAAGTCCACACAACATCT","G:260:QEETLHSTTSEGYPSPSQVYTTSG"
"MW160754","2327:G;5510:AGCCCATCACAAGTCTATACAACATCCGGTCTAGAGGAAACCCTCCACTCAACCACCTCCGAAGGCTATCTA","G:274:SPSQVYTTSGLEETLHSTTSEGYL"
"MW160761","2327:G;4624:A;5474:GAAATCCTCCACTCAACCACCTCCGAAGGCTATCCAAGCCCATCACAAGTCTATACAACATCCGGCCAAGAG","G:260:QKEILHSTTSEGYPSPSQVYTTSG"
"MW160762","2327:G;5526:ACACAACATCCGGTCAAGAGGAAATCCTCCACTCAACCACCTCCGAAGGCTATCCAAGCCCATCACAAGCCC","G:279:YTTSGQEEILHSTTSEGYPSPSQA"
"MW160764","2328:G;4624:A;5525:TATACAACATCCGGTCAAGAGGAAACCCTCCACTCAACCACCTCCGAAGGCTATCTAAGACCATCACAAATC","G:279:YTTSGQEETLHSTTSEGYLRPSQI"
"MW160766","2327:G;4624:A;5528:ACAACATCCGGTCAAGAGGAAACCCTCCACTCAACCACCTCCGAAGGCTATCCAAGCCCATCACAAGTCCAT","G:260:QEETLHSTTSEGYPSPSQVYTTSG"
"MW160771","2328:G;4624:A;5468:CAAGAGGAAACCCTCCACTCAACCACCTCCAAAGGCTATCTAAGCCCATCCCAAGTCTATACAACATCCGGT","G:260:QEETLHSTTSKGYLSPSQVYTTSG"
"MW160768","2328:G;4624:A;5468:CAAGAGGAAACCCTCCACTCAACCACCTCCAAAGGCTATCTAAGCCCATCCCAAGTCTATACAACATCCGGT","G:260:QEETLHSTTSKGYLSPSQVYTTSG"
"MW160773","2327:G;4624:A;5483:CACTCAACCACCCCCGAAGGCTATCTAAGCCCATCACAAGTCTATACAACATCCGGTCAAGAGGAAACCCCT","G:260:QKETLHSTTPEGYLSPSQVYTTSG"
"MW160767","2327:G;4624:A;5474:GAAACCCTCCACTCAACCACCTCCGAAGGCTATCCAAGCCCATCACAAGTCTATACAACATCCGGTCAAGAG","G:260:QKETLHSTTSEGYPSPSQVYTTSG"
"MW160772","2327:G;4624:A;5474:GAAACCCTCCACTCAACCACCTCCGAAGGCTATCCAAGCCCATCACAAGTCTATACAACATCCGGCCAAGAG","G:260:QKETLHSTTSEGYPSPSQVYTTSG"
"MW160774","2328:G;4624:A;5528:ACAACATCCAGTCAAGAGGAAACCCTCCACTCAACCACCTCCAAAGGCTATCCAAGCCCATCACAAGTCCAC","G:271:GYLSPSQVYTTSSQEETLHSTTSK"
"MW160778","2328:G;4624:A;5468:CAAGAGGAAACCCTCCACTCAACCACCTCCAAAGGCTATCTAAGCCCATCCCAAGTCTATACAACATCCGGT","G:260:QEETLHSTTSKGYLSPSQVYTTSG"
"MW160776","2327:G;4624:A;5468:CAAGAGGAAACCCTCCACTCAACCACCTCCAAAGGTTATCTGAGCCCATCACAAGTCTATACAACATCCGGT","G:260:QEETLHSTTSKGYLSPSQVYTTSG"
"MW160783","2328:G;4624:A;5468:CAAGAGGAAACCCTCCACTCAACCACCTCCAAAGGCTATCTAAGCCCATCCCAAGTCTATACAACATCCGGT","G:260:QEETLHSTTSKGYLSPSQVYTTSG"
"MW160779","2328:G;4624:A;5525:TATACAACATCCGGTCAAGAGGAAACCCTCCACTCAACCACCTCCGAAGGCTATCTAAGACCATCACAAATC","G:279:YTTSGQEETLHSTTSEGYLRPSQI"
"MW160787","2327:G;4624:A;5528:ACAACATCCGGTCAAGAGGAAACCCCCCACTCAACCACCTCCGAAGGCTATCCAAGCCCATCACAAGTCCAC","G:260:QKETLHSTTSEGYPSPSQVYTTSG"
"MW160782","2328:G;4624:A;5525:TATACAACATCCGGTCAAGAGGAAACCCTCCACTCAACCACCTCCGAAGGCTATCTAAGACCATCACAAATC","G:279:YTTSGQEETLHSTTSEGYLRPSQI"
"MW160795","2327:G;3214:A;4624:A;5501:GGCTATCTAAGCCCATCACAAGTCTATACAACATCCGGTCAAGAGGAAACCCTCCACTCAACCACCTCCAAA","G:271:GYLSPSQVYTTSGQEETLHSTTSK"
"MW160785","2328:G;4624:A;5528:ACAACATCCAGTCAAGAGGAAACCCTCCACTCAACCACCTCCAAAGGCTATCCAAGCCCATCACAAGTCCAC","G:271:GYLSPSQVYTTSSQEETLHSTTSK"
"MW160797","2327:G;5510:AGCCCATCACAAGTCTATACAACATCCGGTCTAGAGGAAACCCTCCACTCAACCACCTCCGAAGGCTATCTA","G:274:SPSQVYTTSGLEETLHSTTSEGYL"
"MW160799","2327:G;5510:AGCCCATCACAAGTCTATACAACATCCGGTCTAGAGGAAACCCTCCACTCAACCACTTCCGAAGGCTATCTA","G:274:SPSQVYTTSGLEETLHSTTSEGYL"
"MW160801","2327:G;3214:A;4624:A;5501:GGCTATCTAAGCCCATCACAAGTCTATACAACATCCGGTCAAGAGGAAACCCTCCACTCAACCACCTCCAAA","G:271:GYLSPSQVYTTSGQEETLHSTTSK"
"MW160803","2327:G;3214:A;4624:A;5501:GGCTCTCTAAGCCCATCACAAGTCTATACAACATCCGGTCAAGAGGAAACCCTCCACTCAACCACCTCCAAA","G:271:GSLSPSQVYTTSGQEETLHSTTSK"
"MW160807","2327:G;5528:ACAACATCCGGTCAAGAGGAAACCCCCCACTCAACCACCTCCGAAGGCTATCCAAGCCCATCACAAGTCCAC","G:260:QKETLHSTTSEGYPSPSQVYTTSG"
"MW160809","2328:GG;5528:ACAACATCCGGTCAAGAGGAAACCCTCCACTCAACCACCTCCGAAGGCTATCCAAGCCCATCACAAGTCCAT","G:260:QEETLHSTTSEGYPSPSQVYTTSG"
"MW160819","2328:AG;5468:CAAGAGGGAACCCTCCACTCAACCACCTCCGAAGGCTATCCAAGCCCATCACAAGTCTACACAACATCCGGT","G:260:QEGTLHSTTSEGYPSPSQVYTTSG"
"MW160820","2328:GG;5528:ACAACATCCGGTCAAGAGGAAACCCTCCACTCAACCACCTCCGAAGGCTATCCAAGCCCATCACAAGTCCAT","G:260:QEETLHSTTSEGYPSPSQVYTTSG"
"MW160822","2327:G;4624:A;5474:GAAACCCTCCACTCAACCACCTCCGAAGGTTATCTAAGCCCATCACAAGTCTATACAACATCCGGTCAAGAG","G:260:QKETLHSTTSEGYLSPSQVYTTSG"
"MW160824","2328:GG;5528:ACAACATCCGGTCAAGAGGAAACCCTCCACTCAACCACCTCCGAAGGCTATCCAAGCCCATCACAAGTCCAT","G:260:QEETLHSTTSEGYPSPSQVYTTSG"
"MW160827","2328:GG;5528:ACAACATCCGGTCAAGAGAAAACCCTCCACTCAACCACCTCCGAAGGCTATCCAAGCCCATCACAAGTCCAT","G:263:TLHSTTSEGYPSPSQVYTTSGQEK"
"MW160825","2327:G;4624:A;5474:GAAACCCTCCACTCAACCACCTCCGAAGGCTATCTAAGCCCATCACAAGTCTATACAACATCCGGTCAAGAG","G:260:QKETLHSTTSEGYLSPSQVYTTSG"
"MW160828","2327:G;4624:AA;5468:CAAGAGGAAATCCTCCACTCAACCACCTCCGAAGGCTATCCAAGCCCATCCCAAGTCTACACAACATCCGGT","G:260:QEEILHSTTSEGYPSPSQVYTTSG"
"MW160830","2327:G;3213:A;4624:A;5474:GAAACCCTCCACTCAACCACCTCCGAAGGCTATCTAAGCCCATCACAAGTCTATACAACATCCGGTCAAGAG","G:260:QKETLHSTTSEGYLSPSQVYTTSG"
"MZ515643","2327:G;5468:CAAGAGGAAACCCTCCACTCAACCACCTCCGAAGGCTATCCAAGCCTATCACAAGTCTATACAACATCCGGT","G:260:QEETLHSTTSEGYPSLSQVYTTSG"
"MZ515645","2327:G;5468:CAAGAGGAAACCCTCCACTCAACCACCTCCGAAGACTATCCAAGCCCATCACAAGTCTATACAACATCCGGT","G:260:QEETLHSTTSEDYPSPSQVYTTSG"
"MZ515649","572:AAA;2327:GG;5528:ACAACATCCGGTCAAGAGGAAACCCTCCACTCAACCACCTCCGAAGGCTATCCAAGCCCATCACAAGTCCAC;15211:T","G:260:QEETLHSTTSEGYPSPSQVYTTSG"
"MZ515647","2327:G;4624:A;5460:AAACAAGTCAAGAGGAAACCCTCCTCTCAACCACCTCCGAAGGCTATCTAAGCCCA;5468:CTATACAACATCCGGT","G:260:QEETLLSTTSEGYLSPXXXYTTSG"
"MZ515650","2327:G;4624:A;5519:CAAGTCTATACAACATCCGGTCAAGAGGAAACCCTCCACTCAACCACCTCCGAAGGCTATCTAAGCTCATCA","G:276:SQVYTTSGQEETLHSTTSEGYLSS"
"MZ515651","2327:G;4624:A;5525:CATACAACA;5528:GGTCAAGAGGATACCCTCCACTCAACCACCCCCGAAGGCTATCCAAGCCCATCACAAATCCAT","G:270:EGYLSPSQVHTTSGQEDTLHSTTP"
"MZ515655","2327:G;4624:A;5519:CAAGTCTATACAACATCCGGTCAAGAGGAAACCCTCCACTCAACCACCTCCGAAGGCTATCTAAGCTCATCA","G:276:SQVYTTSGQEETLHSTTSEGYLSS"
"MZ515652","0:C;2327:G;5538:GTCAAGAGGAAACCCTCCACTCAACCACCTCCGAAGGCTATCCAAGCCCATCACAAGTCCATACAACATCCA","G:260:QEETLYSTTSEGYPSPSQVYTTSG"
"MZ515668","2327:G;4624:A;5460:AAACAAGTCAAGAGGAAACCCTCCTCTCAACCACCTCCGAAGGCTATCTAAGCCCA;5468:CTATACAACATCCGGT","G:260:QEETLLSTTSEGYLSPXXXYTTSG"
"MZ515666","2328:G;4624:AAA;5460:AAACAAGTCAAGAGGAAACCCTCCTCTCAACCACCTCCGAAGGCTATCTAAGCCCA;5468:CTATACGACATCCGGT","G:260:QEETLLSTTSEGYLSPXXXYTTSG"
"MZ515682","2327:G;5483:CACTCAACCACCTCCGAAGGCTATCCAAGCCCATCACAAGTCCACACAACACCCGGTCAAGAGGAAACCCTT","G:279:HTTPGQEETLH;G:283:EGHPSPSQVHTTT"
"MZ515679","2327:G;4624:A;5460:AAACAAGTCAAGAGGAAACCCTCCTCTCAACCACCTCCGAAGGCTATCTAAGCCCA;5468:CTATACAACATCCGGT","G:260:QEETLLSTTSEGYLSPXXXYTTSG"
"MZ515681","1094:A;2327:G;4624:A;5519:CAAGTCTATACAACATCCGGTCAAGAGGAAACCCTCCACTCAACCACCTCCGATGGCTATCCAAGCTCATCA","G:271:GYLSPSQVYTTSGQEETLHSTTSD"
"MZ515687","2327:G;5528:ACAACATCCGGTCAAGAGGAAACCCTCCACTCAACCACCTCCGAAGGCTATCCAAGCCCATCACAAGTCCAT","G:260:QEETLHSTTSEGYPSPSQVYTTSG"
"MZ515680","2327:G;5468:CAAGAGGAAACCCTCCACTCAACCACCTCCGAAGGCTATCCAAGCCTATCACAAGTCTATACAACATCCGGT","G:260:QEETLHSTTSEGYPSLSQVYTTSG"
"MZ515685","2327:G;5538:GTCAAGAGGAAACCCTCCACTCAACCACCTCCGAAGGCTATCCAAGCCCATCACAAGTCCATACAACATCCA","G:260:QEETLYSTTSEGYPSPSQVYTTSG"
"MZ515689","2327:GG;5528:ACAACATCCGGTCAAGAGGAAACCCTCCACTCAACCACCTCCGAAGGCTATCCAAGTCCATCACAAGTCCAT","G:260:QEETLHSTTSEGYPSPSQVYTTSG"
"MZ515690","2327:G;4624:A;5519:CAAGTCTATACAACATCCGGTCAAGAGGAAACCCTCCACTCAACCACCTCCGAAGGCTATCTAAGCTCATCA","G:276:SQVYTTSGQEETLHSTTSEGYLSS"
"MZ515692","2327:G;4624:A;5510:AGCCCATCACAAGTCTATACAACATCCGGTCAAGAGGAAACCCTCCACTCAACCACCTCCAAAGGCTATCTA","G:274:SPSQVYTTSGQEETLHSTTSKGYL"
"MZ515688","0:C;2328:GG;5468:CAAGAGGGAACCCTCCACTCAACCACCTCCGAAGGCTATCCAAGCCCATCACAAGTCTATACAACATCCGGT;5596:AG","G:260:QEGTLHSTTSEGYPSPSQVYTTSG"
"MZ516057","2328:G;5468:CAAGAGGAAACCCTCCACTCAACCACCTCCGAAGGCTATCTAAGCCCATCCCAAATCTATACAACATCCGGT","G:260:QEETLHSTTSEGYLSPSQIYTTSG"
"MZ516055","0:C;2328:G;4624:A;5468:CAAGAGGAAACCCTCCACTCAACCACCTCCGAAGGCTATCTAAGCCCATCCCAAGTCTATACAACATCCGGT","G:260:QEETLHSTTSEGYLSPSQVYTTSG"
"MZ516053","0:C;572:AA;2327:G;3214:A;4624:A;5477:ACCCTCCACTCAACCACCTCCGAAGGCCATCCAAGCCCATCACAAGTCTACACAACATCCGGTCAAGAGAAA","G:263:TLHSTTSEGHPSPSQVYTTSGQEK"
"MZ516058","2327:GG;5528:ACAACATCCGGTCAAGAGGAAACCCTCCACTCAACCACCTCCGAAGGCTATCCAAGCCCATCACAAGTCCAT","G:260:QEETLHSTTSEGYPSPSQVYTTSG"
"MZ516063","2327:G;4624:A;5460:AAACAAGTCAAGAGGAAACCCTCCTCTCAACCACCTCCGAAGGCTATCTAAGCCCA;5468:CTATACAACATCCGGT","G:260:QEETLLSTTSEGYLSPXXXYTTSG"
"MZ516067","2327:G;4624:A;5460:AAACAAGTCAAGAGGAAACCCTCCTCTCAACCACCTCCGAAGGCTATCTAAGCCCA;5468:CTATACAACATCCGGT","G:260:QEETLLSTTSEGYLSPXXXYTTSG"
"MZ516066","2328:AG;5528:ACAACATCCGGTCAAGAGGAAACCCTCCACTCAACCACCTCCGAAGGCTATCCAAGCCCATCACAAGTCCAT;5596:AG","G:260:QEETLHSTTSEGYPSPSQVYTTSG"
"MZ516073","5528:ACAACATCCGGTCAAGAGGAAACCCTCCACTCAACCACCTCTGAAGGCTATCCAAGCCCATCACAAGTCCAT","G:265:HSTTSEGYPSPSQVYTTSGQEETL"
"MZ516068","2327:G;5468:CAAGAGGAAACCCTCCACTCAACCACCTCCGAAGGCTATCCAAGCCTATCACAAGTCTATACAACATCCGGT","G:260:QEETLHSTTSEGYPSLSQVYTTSG"
"MZ516071","0:C;2327:GG;5528:ACAACATCCGGTCAAGAGGAAACCCTCCACTCAACCACCTCCAAAGGCTATCCAAGCCCATCACAAGTCCAT","G:271:GYPSPSQVYTTSGQEETLHSTTSK"
"MZ516074","2327:G;5538:GTCAAGAGGAAACCCTCCACTCAACCACCTCCGAAGGCTATCCAAGCCCATCACAAGTCCATACAACATCCA","G:260:QEETLYSTTSEGYPSPSQVYTTSG"
"MZ516072","572:AA;2328:G;4624:A;5495:TCCGAAGGCTATCCAAGCCCATCACAAGTCTATACAACATCCGGTCAAGAGAAAACCCTCCACTCAACCACA","G:263:TLHSTTSEGYPSPSQVYTTSGQEK"
"MZ516077","2327:G;4629:C;5465:AGTCAAGAGGAAACCCTCCACTCAACCACCTCCGAAGGCTATCTAAGCCCATCCCAAGTCTATACAACATCC","G:259:SQEETLHSTTSEGYLSPSQVYTTS"
"MZ516080","2327:G;4624:A;5525:CATACAACA;5528:GGTCAAGAGGATACCCTCCACTCAACCACCCCCGAAGGCTATCCAAGCCCATCACAAATCCAT","G:270:EGYLSPSQVHTTSGQEDTLHSTTP"
"MZ516076","2327:G;4628:AAT;5528:AAAACATTTGGTCAAGAGGAAACCCTCCACTCAACCACCTCCGAAGGCTATCCAAGTCCATCACAAGTCCAT;15211:T","G:260:QEETLQSTTSEGYPSPSQVYKTFG"
"MZ516075","2327:GG;5528:ACAACATCCGGTCAAGAGGAAACCCTTCACTCAACCACCTCCAAAGGCTATCCAAGCCCATCACAAGTCCAT","G:271:GYPSPSQVYTTSGQEETLHSTTSK"
"MZ516086","2327:G;4624:A;5460:AAACAAGTCAAGAGGAAACCCTCCTCTCAACCACCTCCGAAGGCTATCTAAGCCCA;5468:CTATACAACATCCGGT","G:260:QEETLLSTTSEGYLSPXXXYTTSG"
"MZ516087","0:C;2327:G;4624:A;5474:GAAACCCTCCACTCAACCACCTCCGAAGGCTATCCAAGCCCATCACAAGTCCATACAACATCCGGTCAAGAG;15085:TTTAA","G:260:QKETLHSTTSEGYPSPSQVHTTSG"
"MZ516090","2327:GG;5489:ACC;5495:GAAGGCTATCCAAGCCCATCACAAGTTTATACAACATCCGGTCAAGAGGAAACCCTCCACTCAACCACC","G:260:QEETLHSTTSEGYPSPSQVYTTSG"
"MZ516088","0:C;2327:G;4624:A;5525:CATACAACA;5528:GGTCAAGAGGATACCCTCCACTCAACCACCCCCGAAGGCTATCCAAGCCCATCACAAATCCAT","G:270:EGYLSPSQVHTTSGQEDTLHSTTP"
"MZ516092","2327:G;4628:AAT;5528:ACAACATTTGGTCAAGAGGAAACCCTCCACTCAACCACCTCCGAAGGCTATCCAAGTCCATCACAAGTCCAT","G:260:QEETLQSTTSEGYPSPSQVYTTFG"
"MZ516097","2328:GG;5468:CAAGAGGAAACCCTCCACTCAACCACCTCCGAAGGCTATCCAAGCCCATCACAAGTCCATACAACATCCGGT","G:260:QEETLHSTTSEGYPSPSQVHTTSG"
"MZ516093","0:C;2327:G;5538:GTCAAGAGGAAACCCTCCACTCAACCACCTCCGAAGGCTATCCAAGCCCATCACAAGTCCATACAACATCCA","G:260:QEETLYSTTSEGYPSPSQVYTTSG"
"MZ516096","2327:G;4624:A;5460:AAACAAGTCAAGAGGAAACCCTCCTCTCAACCACCTCCGAAGGCTATCTAAGCCCA;5468:CTATACAACATCCGGT;14720:NNNNNTCTAAATTA","G:260:QEETLLSTTSEGYLSPXXXYTTSG;L:2074:XXLN"
"MZ516103","2327:G;5525:CATACAACA;5528:GGTCAAGAGGATACCCTCCACTCAACCACCCCCGAAGGCTATCCAAGCCCATCACAAATCCAT","G:279:HTTSGQEDTLHSTTPEGYPSPSQI"
"MZ516100","2327:G;5483:CTCTCAACCACCTCCGAAGGCTATCTAAGCCCATCACAAGTCTATACAACATCCGGTCAAGAGGAAACCCTC","G:265:LSTTSEGYLSPSQVYTTSGQEETL"
"MZ516110","2327:G;4624:A;5460:AAACAAGTCAAGAGGAAACCCTCCTCTCAACCACCTCCGAAGGCTATCTAAGCCCA;5468:CTATACAACATCCGGT","G:260:QEETLLSTTSEGYLSPXXXYTTSG"
"MZ516108","0:C;572:AA;2327:G;3214:A;4624:A;5474:GAAACCCTCCACTCAACCACCTCCGAAGGCTATCTAAGCCCATCACAAGTCTATACAACATCCGGTCAAGAG","G:260:QKETLHSTTSEGYLSPSQVYTTSG"
"MZ516111","2327:G;4624:A;5510:AGCCCATCACAAGTCTATACAACATCCGGTCAAGAGGAAACCCTCCACTCAACCACCTCCAAAGGCTATCTA","G:274:SPSQVYTTSGQEETLHSTTSKGYL"
"MZ516120","2328:GG;5468:CAAGAGGGAACCCTCCACTCAACCACCTCCGAAGGCTATCCAAGCCCATCACAAGTCTATACAACATCCGGT;5596:AG","G:260:QEGTLHSTTSEGYPSPSQVYTTSG"
"MZ516112","2328:G;4624:A;5460:AAACAAGTCAAGAGGAAACCCTCCTCTCAACCACCTCCGAAGGCTATCTAAGCCCA;5468:CTATACAACATCCGGT","G:260:QEETLLSTTSEGYLSPXXXYTTSG"
"MZ516118","0:C;2327:G;5526:ACACTACATCCGGTCAAGAGGAAACCCTCCACTCAACCACCTCCGAAGGCTATCCAAGCCCATCACAAGCCC","G:260:QEETLHSTTSEGYPSQSQVYTTSG"
"MZ516130","2327:G;5468:CAAGAGGAAACCCTCCACTCAACCACCTCCGAAGGCTATCCAAGCCTATCACAAGTCTATACAACATCCGGT","G:260:QEETLHSTTSEGYPSLSQVYTTSG"
"MZ516129","0:C;2327:G;4624:A;5474:GAAACCCTCCACTCAACCACCTCCGAAGGCTATCTAAGCCCATCACAAGTCTATACAACATCCGGTCAAGAG","G:260:QKETLHSTTSEGYLSPSQVYTTSG"
"MZ516132","0:C;2327:G;4624:A;5525:CATACAACA;5528:GGTCAAGAGGATACCCTCCACTCAACCACCCCCGAAGGCTATCCAAGCCCATCACAAATCCAT","G:279:HTTSGQEDTLHSTTPEGYPSPSQI"
"MZ516134","2327:G;5526:ACACTACATCCGGTCAAGAGGAAACCCTCCACTCAACCACCTCCGAAGGCTATCCAAGCCCATCACAAGCCC","G:260:QEETLHSTTSEGYPSQSQVYTTSG"
"MZ516137","5526:ACACAACATCCGGTCAAGAGGAAACCCTCCACTCAACCACCTCCGAAGGCTATCCAAGCCCATCACAAGTCC","G:265:HSTTSEGYPSPSQVYTTSGQEETL"
"MZ516000","0:C;2327:G;5528:ACAACATCCGGTCAAGAGGAAACCCTCCACTCAACCACCTCCGAAAGCTATCCAAGCCCATCACAAGTCCAT","G:272:YPSPSQVYTTSGQEETLHSTTSES"
"MZ516007","0:C;2327:GG;5528:ACAACATCCGGTCAAGAGGAAACCCTCCACTCAACCACCTCCAAAGGCTATCCAAGCCCATCACAAGTCCAT;14687:A","G:271:GYPSPSQVYTTSGQEETLHSTTSK"
"MZ515999","0:C;2327:G;4624:A;5474:GAAACCATCCACTCAACCACCTCCGAAGGCTATCCAAGCCCATCACAAGTCTATACAACATCTGGTCAAGAG;11390:T","G:260:QKETIHSTTSEGYPSPSQVYTTSG"
"MZ516002","2327:G;5528:ACAACATCCGGTCAAGAGGAAACCCTCCACTCAACCACCTCCGAAGGCTATCCAAGCCCATCACAAGTCCAT","G:260:QEETLHSTTSEGYPSPSQVYTTSG"
"MZ516004","2327:G;5528:ACAACATCCGGTCAAGAGGAAACCCTCCACTCAACCACCTCCGAAGGCTATCCAAGCCCATCACAAGTCCAT;10082:A;14942:A","G:260:QEETLHSTTSEGYPSPSQVYTTSG"
"MZ516005","2327:G;4624:A;5477:ACCCTCCTCTCAACCACCTCCGAAGGCTATCCAAGCCCATCACAAGTCTATACAACATCCGGTCAAGAGAAA;11438:TTNN","G:263:TLLSTTSEGYPSPSQVYTTSGQEK"
"MZ516008","2328:AGG;5528:ACAACATCCGGTCAAGAGGAAACCCTCCACTCAACCACCTCCGAAGGCTATCCAAGCCCATCACAAGTCCAT","G:260:QEETLHSTTSEGYPSPSQVYTTSG"
"MZ516010","0:C;2327:G;4624:A;5474:GAAACCATCCACTCAACCACCTCCGAAGGCTATCCAAGCCCATCACAAGTCTATACAACATCTGGTCAAGAG","G:260:QKETIHSTTSEGYPSPSQVYTTSG"
"MZ516012","2327:G;5526:ACACAACATCCGGTCAAGAGGAGACCCTCCACTCAACCACCTCCGAAGGCTATCCAAGCCCATCACAAGCCC","G:279:YTTSGQEETLHSTTSEGYPSPSQA"
"MZ516011","2327:G;5460:ACACGAGTCAAGAGGAAACCCTCCACTCAACCACCCCTGAAGGCTATCCAAGCCCA;5468:CTACACAACATCCGGT","G:260:QEETLHSTTPEGYPSPXXXYTTSG"
"MZ516023","2328:G;4624:A;5460:AAACAAGTCAAGAGGAAACCCTCCTCTCAACCACCTCCGAAGGCTATCTAAGCCCA;5468:CTATACGACATCCGGT","G:260:QEETLLSTTSEGYLSPXXXYTTSG"
"MZ516015","5528:ACAACATCCGGTCAAGAGGAAACCCTCCACTCAACCACCTCTGAAGGCTATCCAAGCCCATCACAAGTCCAT","G:265:HSTTSEGYPSPSQVYTTSGQEETL"
"MZ516019","2327:G;5528:ACAACATCCGGTCAAGAGGAAATCCTCCACTCAACCACCTCCGAAGGTTATCCAAGCCCATCACAAGTCTAC","G:264:LHSTTSEGHPSPSQVYTTSGQEEI"
"MZ516017","2327:G;4624:A;5460:AAACAAGTCAAGAGGAAACCCTCCTCTCAACCACCTCCGAAGGCTATCTAAGCCCA;5468:CTATACAACATCCGGT","G:260:QEETLLSTTSEGYLSPXXXYTTSG"
"MZ516014","2328:GG;5468:CAAGAGGGAACCCTCCACTCAACCACCTCCGAAGGCTATCCAAGCCCATCACAAGTCTATACAACATCCGGT;5596:AG","G:260:QEGTLHSTTSEGYPSPSQVYTTSG"
"MZ516024","572:AAA;2327:GG;5468:CAAGAGGAAACCCTCCACTCAACCACCTCCGAAGGTTATCCAAGCCCATCACAAGTCTATACAACATCCGGT","G:260:QEETLHSTTSEGYPSPSQVYTTSG"
"MZ516026","0:C;2328:G;4624:A;5258:AACAAA;5474:GAAACCATCCACTCAACCACCTCCGAAGGCTATCCAAGCCCATCACAAGTCTATACAACATCCGGTCAAGAG","G:190:NK;G:260:QKETIHSTTSEGYPSPSQVYTTSG"
"MZ516027","2327:G;4624:A;5460:AAACAAGTCAAGAGGAAACCCTCCTCTCAACCACCTCCGAAGGCTATCTAAGCCCA;5468:CTATACAACATCCGGT","G:260:QEETLLSTTSEGYLSPXXXYTTSG"
"MZ516029","2327:G;5468:CAAGAGGAAACCCTCCACTCAACCACCTCCGAAGGCTATCCAAGCCTATCACAAGTCCATACAACATCCGGT","G:260:QEETLHSTTSEGYPSLSQVHTTSG"
"MZ516028","0:C;2327:G;4624:A;5528:ACAACATCTGGTCAAGAGGAAACCCTCCACTCAACCACCTCCGAAGGCCATCCAAGCCCATCACAAGTCCAT","G:260:QKETIHSTTSEGYPSPSQVYTTSG"
"MZ516031","0:C;2327:GG;5528:ACAACATCCGGTCAAGAGGAAACCCTCCACTCAACCACCTCCAAAGGCTATCCAAGCCCATCACAAGTCCAT","G:271:GYPSPSQVYTTSGQEETLHSTTSK"
"MZ516038","2327:G;4624:A;5525:CATACAACA;5528:GGTCAAGAGGATACCCTCCACTCAACCACCCCCGAAGGCTATCCAAGCCCATCACAAATCCAT","G:270:EGYLSPSQVHTTSGQEDTLHSTTP"
"MZ516033","2327:G;5460:ACACGAGTCAAGAGGAAACCCTCCACTCAACCACCCCTGAAGGCTATCCAAGCCCA;5468:CTACACAACATCCGGT","G:260:QEETLHSTTPEGYPSPXXXYTTSG"
"MZ516040","0:C;2327:G;5468:CAAGAGGAAACCCTCCACTCAACCACCTCCGAAGACTATCCAAGCCCATCACAAGTCTATACAACATCCGGT","G:260:QEETLHSTTSEDYPSPSQVYTTSG"
"MZ516039","2327:G;4624:A;5460:AAACAAGTCAAGAGGAAACCCTCCTTTCAACCACCTCCGAAGGCTATCTAAGCCCA;5468:CTATACAACATCCGGT","G:260:QEETLLSTTSEGYLSPXXXYTTSG"
"MZ516043","2327:G;4624:A;5466:GCCAAGAGGAAACCCTCCACTCAACCACCTCCGAAAGCTATCTAAGCCCATCACAAGTCTATACAACATCCG;5607:A","G:260:QEETLHSTTSESYLSPSQVYTTSG"
"MZ516047","2328:AG;5528:ACAACATCCGGTCAAGAGGAAACCCTCCACTCAACCACCTCCGAAGGCTATCCAAGCCCATCACAAGTCCAT;5596:AG","G:260:QEETLHSTTSEGYPSPSQVYTTSG"
"MZ516044","0:C;2328:G;4624:A;5258:AACAAA;5474:GAAACCATCCACTCAACCACCTCCGAAGGCTATCCAAGCCCATCACAAGTCTATACAACATCCGGTCAAGAG","G:190:NK;G:260:QKETIHSTTSEGYPSPSQVYTTSG"
"MZ515555","2327:G;4624:AA;5460:AAACAAGTCAAGAGGAAACCCTCCTCTCAACCACCTCCGAAGGCTATCTAAGCCCA;5468:CTATACAACATCCGGT","G:260:QEETLLSTTSEGYLSPXXXYTTSG"
"MZ516052","0:C;2328:G;4624:A;5258:AACAAA;5501:GGCTATCCAAGCCCATCACAAGTCTATACAACATCCGGTCAAGAGGAAACCCTCCACTCAACCACCTCCAAA","G:190:NK;G:271:GYPSPSQVYTTSGQEETLHSTTSK"
"MZ515559","2328:G;4624:A;5528:ACAACATCCGGTCAAGAGGAAACCCCCCACTCAACCACCTCCGAAGGCTATCCAAGCCCATCACAAGTCCAC","G:260:QKETLHSTTSEGYPSPSQVYTTSG"
"MZ515564","0:C;2327:G;5468:CAAGAGGAAACCCTCCACTCAACCACCTCCGAAGGCTATCTAAGCCCATCACAAGTCTATACAACATCCGGT","G:260:QEETLHSTTSEGYLSPSQVYTTSG"
"MZ515566","2327:G;4624:A;5474:GAAACCCTCCACTCAACCACCTCCGAAGGCTATCTAAGCCCATCACAAGTCTATACAACATCCGGTCAAGAG","G:260:QKETLHSTTSEGYLSPSQVYTTSG"
"MZ515567","2327:G;4131:AAACA;5526:ACACAACATCCGGTCAAGAGGAGACCCTCCACTCAACCACCTCCGAAGGCTATCCAAGCCCATCACAAGCCC","G:260:QEETLHSTTSEGYPSLSQVYTTSG"
"MZ515568","572:AAA;2327:GG;5468:CAAGAGGAAACCCTCCACTCAACCACCTCCGAAGGTTATCCAAGCCCATCACAAGTCTATACAACATCCGGT","G:260:QEETLHSTTSEGYPSPSQVYTTSG"
"MZ515570","0:C;2328:AG;5528:ACAACATCCGGTCAAGAGGAAACCCTCCACTCAACCACCTCCGAAGGCTATCCAAGCCCATCACAAGTCCAT;5596:AG","G:260:QEETLHSTTSEGYPSPSQVYTTSG"
"MZ515572","0:C;572:AA;2327:G;3214:A;4624:A;5477:ACCCTCCACTCAACCACCTCCGAAGGCCATCCAAGCCCATCACAAGTCTACACAACATCCGGTCAAGAGAAA","G:263:TLHSTTSEGHPSPSQVYTTSGQEK"
"MZ515569","0:C;2327:G;4624:A;5474:GAAACCATCCACTCAACCACCTCCGAAGGCTATCCAAGCCCATCACAAGTCTATACAACATCTGGTCAAGAG","G:260:QKETIHSTTSEGYPSPSQVYTTSG"
"MZ515571","2327:G;5528:ACAACATCCGGTCAAGAGGAAACCCTCCACTCAACCACCTCCGAAAGCTATCCAAGCCCATCACAAGTCCAT","G:272:YPSPSQVYTTSGQEETLHSTTSES"
"MZ515573","2327:GG;5528:ACAACATCCAGCCAAGAGGAAACCCTCCACTCAACCACCTCCGAAGGCTATCCAAGCACATCACAAGTCCAT","G:276:SQVYTTSSQEETLHSTTSEGYPST"
"MZ515575","0:C;2327:G;4624:A;5474:GAAACCATCCACTCAACCACCTCCGAAGGCTATCCAAGCCCATCACAAGTCTATACAACATCTGGTCAAGAG","G:260:QKETIHSTTSEGYPSPSQVYTTSG"
"MZ515580","0:C;2327:G;4624:A;5525:CATACAACA;5528:GGTCAAGAGGATACCCTCCACTCAACCACCCCCGAAGGCTATCCAAGCCCATCACAAATCCAT","G:270:EGYLSPSQVHTTSGQEDTLHSTTP"
"MZ515579","0:C;2327:GG;5528:ACAACATCCGGTCAAGAGGAAACCCTTCACTCAACCACCTCCAAAGGCTATCCAAGCCCATCACAAGTCCAT","G:271:GYPSPSQVYTTSGQEETLHSTTSK"
"MZ515576","0:C;2328:GG;5468:CAAGAGGAAACCCTCCACTCAACCACCTCCAAAGGCTATCCAAGCCCATCACAAGTCTATACAACATCCGGT","G:260:QEETLHSTTSKGYPSPSQVYTTSG"
"MZ515585","2327:GG;5528:ACAACATCCGGTCAAGAGGAAACCCTTCACTCAACCACCTCCAAAGGCTATCCAAGCCCATCACAAGTCCAT","G:271:GYPSPSQVYTTSGQEETLHSTTSK"
"MZ515588","0:C;2328:G;4624:A;5258:AACAAA;5474:GAAACCATCCACTCAACCACCTCCGAAGGCTATCCAAGCCCATCACAAGTCTATACAACATCCGGTCAAGAG","G:190:NK;G:260:QKETIHSTTSEGYPSPSQVYTTSG"
"MZ515583","2327:G;5460:ACACGAGTCAAGAGGAAACCCTCCACTCAACCACCCCTGAAGGCTATCCAAGCCCA;5468:CTACACAACATCCGGT","G:260:QEETLHSTTPEGYPSPXXXYTTSG"
"MZ515592","2327:G;5526:ACACTACATCCGGTCAAGAGGAAACCCTCCACTCAACCACCTCCGAAGGCTATCCAAGCCCATCACAAGCCC","G:260:QEETLHSTTSEGYPSQSQVYTTSG"
"MZ515593","0:C;2327:G;4628:AAT;5528:ACAACATTTGGTCAAGAGGAAACCCTCCACTCAACCACCTCCGAAGGCTATCCAAGTCCATCACAAGTCCAT","G:260:QEETLQSTTSEGYPSPSQVYTTFG"
"MZ515606","2328:GG;5468:CAAGAGGAAACCCTCCACTCAACCACCTCCGAAGGCTATCCAAGCCCATCACAAGTCCATACAACATCCGGT","G:260:QEETLHSTTSEGYPSPSQVHTTSG"
"MZ515597","0:C;2328:GG;5528:ACAACATCCGGTCAAGAGGAAACCCTCCACTCAACCACCTCCGAAGGCTATCCAAGCCCATCACAAGTCCAT","G:260:QEETLHSTTSEGYPSPSQVYTTSG"
"MZ515600","0:C;2327:G;4628:AAT;5528:ACAACATTTGGTCAAGAGGAAACCCTCCACTCAACCACCTCCGAAGGCTATCCAAGTCCATCACAAGTCCAT","G:260:QEETLQSTTSEGYPSPSQVYTTFG"
"MZ515609","0:C;2328:G;4624:A;5258:AACAAA;5474:GAAACCATCCACTCAACCACCTCCGAAGGCTATCCAAGCCCATCACAAGTCTATACAACATCCGGTCAAGAG","G:190:NK;G:260:QKETIHSTTSEGYPSPSQVYTTSG"
"MZ515614","2327:G;5528:ACAACATCCGGTCAAGAGGAAACCCTCCACTCAACCACCTCCGAAAGCTATCCAAGCCCATCACAAGTCCAT","G:272:YPSPSQVYTTSGQEETLHSTTSES"
"MZ515616","2327:G;5526:ACACTACATCCGGTCAAGAGGAAACCCTCCACTCAACCACCTCCGAAGGCTATCCAAGCCCATCACAAGCCC","G:260:QEETLHSTTSEGYPSQSQVYTTSG"
"MZ515619","2328:G;4624:A;5504:TATCTAAGCCCATCACAAGTCTATACAACATCCGGTCAAGAGGAAACCCTCCACTCAACCACCTCAGAAGAC","G:260:QEETLLSTTSEGYLSPSQVYTTSG"
"MZ515617","2327:G;4624:A;5460:AAACAAGTCAAGAGGAAACCCTCCTCTCAACCACCTCCGAAGGCTATCTAAGCCCA;5468:CTATACAACATCCGGT","G:260:QEETLLSTTSEGYLSPXXXYTTSG"
"MZ515620","2328:G;4624:A;5468:CAAGAGGAAACCCTCCACTCAACCACCTCCGAAGGCTATCTAAGCCCATCCCAAGTCTATACAACATCCGGT","G:260:QEETLHSTTSEGYLSPSQVYTTSG"
"MZ515626","2327:G;4624:A;5460:AAACAAGTCAAGAGGAAACCCTCCTCTCAACCACCTCCGAAGGCTATCTAAGCCCA;5468:CTATACAACATCCGGT","G:260:QEETLLSTTSEGYLSPXXXYTTSG"
"MZ515623","2328:GG;5489:ACCACCTACGAAGGCTATCCAAGCCTATCACAAGTCTATACAACATCCGGTCAAGAGGAAACCCTCCACTTA","G:267:TTYEGYPSLSQVYTTSGQEETLHL"
"MZ515628","572:AAA;2327:GG;5468:CAAGAGGAAACCCTCCACTCAACCACCTCCGAAGGTTATCCAAGCCCATCACAAGTCTATACAACATCCGGT","G:260:QEETLHSTTSEGYPSPSQVYTTSG"
"MZ515629","2327:G;4624:A;5516:TCCCAAGTCTATACAACATCCGGTCAAGAGGAAACCCTCCACTCAACCACCTCCGAAGGCTATCTAAGCTCA","G:276:SQVYTTSGQEETLHSTTSEGYLSS"
"MZ515631","2327:G;5528:ACAACATCCGGTCAAGAGGAAACCCTCCACTCAACCACCTCCGAAGGCTATCCAAGCCCATCACAAGTCCAT","G:260:QEETLHSTTSEGYPSPSQVYTTSG"
"MZ515632","2327:G;4624:A;5460:AAACAAGTCAAGAGGAAACCCTCCTCTCAACCACCTCCGAAGGCTATCTAAGCCCA;5468:CTATACAACATCCGGT","G:260:QEETLLSTTSEGYLSPXXXYTTSG"
"MZ515633","0:C;2328:G;4624:A;5258:AACAAA;5501:GGCTATCCAAGCCCATCACAAGTCTATACAACATCCGGTCAAGAGGAAACCCTCCACTCAACCACCTCCAAA","G:190:NK;G:271:GYPSPSQVYTTSGQEETLHSTTSK"
"MZ515634","2327:G;4629:T;5516:TCCCAAGTCTACACAACCTCCGGTCAAGAGGAAACCCTCCACTCAACCACCTCCGAAGGCTATCTAAGCTCA;5596:AG","G:276:SQVYTTSGQEETLHSTTSEGYLSS"
"MZ515640","2327:G;5460:ACACGAGTCAAGAGGAAACCCTCCACTCAACCACCCCTGAAGGCTATCCAAGCCCA;5468:CTACACAACATCCGGT","G:260:QEETLHSTTPEGYPSPXXXYTTSG"
"MZ515641","0:C;2327:G;5510:AGCCCATCACAAGTCTATACAACATCCGGTCAAGAGGAAACCCTCCACTCAACCACCTCCGAAGGCTATCTA","G:274:SPSQVYTTSGQEETLHSTTSEGYL"
"MZ515693","2327:G;5483:CTCTCAACCACCTCCGAAGGCTATCTAAGCCCATCACAAGTCTATACAACATCCGGTCAAGAGGAAACCCTC","G:265:LSTTSEGYLSPSQVYTTSGQEETL"
"MZ515695","0:C;2328:G;4624:A;5528:ACAACATCCGGTCAAGAGGAAACCCCCCACTCAACCACCTCCGAAGGCTATCCAAGCCCATCACAAGTCCAC","G:260:QKETLHSTTSEGYPSPSQVYTTSG"
"MZ515696","2327:G;4624:A;5525:CATACAACA;5528:GGTCAAGAGGATACCCTCCACTCAACCACCCCCGAAGGCTATCCAAGCCCATCACAAATCCAT","G:270:EGYLSPSQVHTTSGQEDTLHSTTP"
"MZ515701","0:C;2327:G;4624:A;5525:CATACAACA;5528:GGTCAAGAGGATACCCTCCACTCAACCACCCCCGAAGGCTATCCAAGCCCATCACAAATCCAT","G:263:TLHPTTSEGYLSPSQVHTTSGQED"
"MZ515700","572:AAA;2327:GG;5468:CAAGAGGAAACCCTCCACTCAACCACCTCCGAAGGTTATCCAAGCCCATCACAAGTCTATACAACATCCGGT","G:260:QEETLHSTTSEGYPSPSQVYTTSG"
"MZ515706","2327:G;5528:ACAACATCCGGTCAAGAGGAAACCCTCCACTCAACCACCTCCGAAAGCTATCCAAGCCCATCACAAGTCCAT","G:272:YPSPSQVYTTSGQEETLHSTTSES"
"MZ515703","0:C;572:AA;2327:G;3214:A;4624:A;5477:ACCCTCCACTCAACCACCTCCGAAGGCTATCCAAGCCCATCACAAGTCTATACAACATCCGGTCAAGAGAAA","G:263:TLHSTTSEGYPSPSQVYTTSGQEK"
"MZ515717","2328:GG;5528:ACAACATCCGGTCAAGAGGAAACCCTCCACTCAACCACCTCCGAAGGCTATCCAAGCCCATCACAAGTCCAT","G:260:QEETLHSTTSEGYPSPSQVYTTSG"
"MZ515718","0:C;2327:G;5492:ACCTCTGAAGGCTATCTAAGCCCATCACAAGTCTATACAACATCCGGTCAAGAGGAAACCCTCCACTCAACC","G:260:QEETLHSTTSEGYLSPSQVYTTSG"
"MZ515709","0:C;2327:G;4624:A;5525:CATACAACA;5528:GGTCAAGAGGATACCCTCCACTCAACCACCCCCGAAGGCTATCCAAGCCCATCACAAATCCAT","G:279:HTTSGQEDTLHSTTPEGYPSPSQI"
"MZ515731","2327:G;4624:A;5460:AAACAAGTCAAGAGGAAACCCTCCTCTCAACCACCTCCGAAGGCTATCTAAGCCCA;5468:CTATACAACATCCGGT","G:260:QEETLLSTTSEGYLSPXXXYTTSG"
"MZ515723","2327:G;4624:A;5460:AAACAAGTCAAGAGGAAACCCTCCTCTCAACCACCTCCGAAGGCTATCTAAGCCCA;5468:CTATACAACATCCGGT","G:260:QEETLLSTTSEGYLSPXXXYTTSG"
"MZ515720","0:C;2327:G;4624:A;5525:CATACAACA;5528:GGTCAAGAGGATACCCTCCACTCAACCACCCCCGAAGGCTATCCAAGCCCATCACAAATCCAT","G:279:HTTSGQEDTLHSTTPEGYPSPSQI"
"MZ515735","2328:G;4624:A;5258:AACAAA;5501:GGCTATCCAAGCCCATCACAAGTCTATACAACATCCGGTCAAGAGGAAACCCTCCACTCAACCACCTCCAAA","G:190:NK;G:271:GYPSPSQVYTTSGQEETLHSTTSK"
"MZ515737","2328:AG;5528:ACAACATCCGGTCAAGAGGAAACCCTCCACTCAACCACCTCCGAAGGCTATCCAAGCCCATCACAAGTCCAT;5596:AG","G:260:QEETLHSTTSEGYPSPSQVYTTSG"
"MZ515734","572:AAA;2327:GG;5468:CAAGAGGAAACCCTCCACTCAACCACCTCCGAAGGTTATCCAAGCCCATCACAAGTCCACACAACATCCGGT;9767:T;10307:CAAAGTTATCTTAA","G:260:QEETLHSTTSEGYPSPSQVHTTSG;L:603:XKLS*"
"MZ515740","0:C;572:AA;2328:G;3214:A;4624:A;5495:TCCGAAGGCTATCCAAGCCCATCACAAGTCTATACAACATCCGGTCAAGAGAAAACCCTCCACTCAACCACA","G:263:TLHSTTSEGYPSPSQVYTTSGQEK"
"MZ515749","2328:GG;5526:ACACAACATCCGGTCAAGAGGAGACCCTCCACTCAACCACCTCCGAAGGCTATCCAAGCCCATCACAAGCCC","G:279:YTTSGQEETLHSTTSEGYPSPSQA"
"MZ515744","572:AAA;2327:GG;5468:CAAGAGGAAACCCTCCACTCAACCACCTCCGAAGGTTATCCAAGCCCATCACAAGTCCACACAACATCCGGT","G:260:QEETLHSTTSEGYPSPSQVHTTSG"
"MZ515755","0:C;2327:G;5538:GTCAAGAGGAAACCCTCCACTCAACCACCTCCGAAGGCTATCCAAGCCCATCACAAGTCCATACAACATCCA","G:260:QEETLYSTTSEGYPSPSQVYTTSG"
"MZ515758","0:C;2328:AG;5528:ACAACATCCGGTCAAGAGGAAACCCTCCACTCAACCACCTCCGAAGGCTATCCAAGCCCATCACAAGTCCAT;5596:AG","G:260:QEETLHSTTSEGYPSPSQVYTTSG"
"MZ515752","2327:G;4624:A;5460:AAACAAGTCAAGAGGAAACCCTCCTCTCAACCACCTCCGAAGGCTATCTAAGCCCA;5468:CTATACAACATCCGGT","G:260:QEETLLSTTSEGYLSPXXXYTTSG"
"MZ515760","2327:G;4624:A;5510:AGCCCATCACAAGTCTATACAACATCCGGTCAAGAGGAAACCCTCCACTCAACCACCTCCAAAGGCTATCTA;11381:T","G:274:SPSQVYTTSGQEETLHSTTSKGYL"
"MZ515768","2327:GG;5528:ACAACATCCGGTCAAGAGGAAACCCTCCACTCAACCACCTCCGAAGGCTATCCAAGTCCATCACAAGTCCAT","G:260:QEETLHSTTSEGYPSPSQVYTTSG"
"MZ515772","0:C;2327:GG;5528:ACAACATCCGGTCAAGAGGAAACCCTCCACTCAACCACCTCCGAAGGCTATCCAAGTCCATCACAAGTCCAT","G:260:QEETLHSTTSEGYPSPSQVYTTSG"
"MZ515773","2328:GG;5468:CAAGAGGGAACCCTCCACTCAACCACCTCCGAAGGCTATCCAAGCCCATCACAAGTCTATACAACATCCGGT;5596:AG","G:260:QEGTLHSTTSEGYPSPSQVYTTSG"
"MZ515766","0:C;2327:G;4624:A;5525:CATACAACA;5528:GGTCAAGAGGATACCCTCCACTCAACCACCCCCGAAGGCTATCCAAGCCCATCACAAATCCAT","G:270:EGYLSPSQVHTTSGQEDTLHSTTP"
"MZ515777","2328:GG;5468:CAAGAGGAAACCCTCCACTCAACCACCTCCAAAGGCTATCCAAGCCCATCACAAGTCTATACAACATCCGGT","G:260:QEETLHSTTSKGYPSPSQVYTTSG"
"MZ515780","2327:G;5526:ACACTACATCCGGTCAAGAGGAAACCCTCCACTCAACCACCTCCGAAGGCTATCCAAGCCCATCACAAGCCC","G:260:QEETLHSTTSEGYPSQSQVYTTSG"
"MZ515781","0:C;2328:G;4624:A;5258:AACAAA;5501:GGCTATCCAAGCCCATCACAAGTCTATACAACATCCGGTCAAGAGGAAACCCTCCACTCAACCACCTCCAAA","G:190:NK;G:271:GYPSPSQVYTTSGQEETLHSTTSK"
"MZ515784","2327:G;5528:ACAACATCCGGTCAAGAGGAAACCCTCCACTCAACCACCTCCGAAGGCTATCCAAGCCCATCACAAGTCCAT","G:260:QEETLHSTTSEGYPSPSQVYTTSG"
"MZ515789","0:C;2328:GG;5528:ACAACATCCGGTCAAGAGGAAACCCTCCACTCAACCACCTCCGAAGGCTATCCAAGCCCATCACAAGTCCAT","G:260:QEETLHSTTSEGYPSPSQVYTTSG"
"MZ515782","2327:G;5526:ACACAACATCCGGTCAAGAGAAGACCCTCCACTCAACAACCTCCGAAGGCCATCCAAGCCCATCACAAGCCC","G:279:YTTSGQEKTLHSTTSEGHPSPSQA"
"MZ515790","572:AAA;2327:GG;5468:CAAGAGGAAACCCTCCACTCAACCACCTCCGAAGGTTATCCAAGCCCATCACAAGTCTATACAACATCCGGT","G:260:QEETLHSTTSEGYPSPSQVYTTSG"
"MZ515797","0:C;2328:G;4624:A;5258:AACAAA;5501:GGCTATCCAAGCCCATCACAAGTCTATACAACATCCGGTCAAGAGGAAACCCTCCACTCAACCACCTCCAAA","G:190:NK;G:271:GYPSPSQVYTTSGQEETLHSTTSK"
"MZ515795","2327:G;4624:A;5460:AAACAAGTCAAGAGGAAACCCTCCTCTCAACCACCTCCGAAGGCTATCTAAGCCCA;5468:CTATACAACATCCGGT","G:260:QEETLLSTTSEGYLSPXXXYTTSG"
"MZ515800","2327:G;5468:CAAGAGGAAACCCTCCACTCAACCACCTCCGAAGGCTATCTAAGCCCATCACAAGTCTATACAACATCCGGT","G:260:QEETLHSTTSEGYLSPSQVYTTSG"
"MZ515801","2327:G;4624:A;5525:CATACAACA;5528:GGTCAAGAGGATACCCTCCACTCAACCACCCCCGAAGGCTATCCAAGCCCATCACAAATCCAT","G:270:EGYLSPSQVHTTSGQEDTLHSTTP"
"MZ515802","0:C;2327:G;5474:GAAACCCTCCACTCAACCACCTCTGAAGGCTATCTAAGCCCATCACAAGTCTATACAACATCCGGTCAAGAA","G:260:QEETLHSTTSEGYLSPSQVYTTSG"
"MZ515804","2328:G;4624:A;5258:AACAAA;5501:GGCTATCCAAGCCCATCACAAGTCTATACAACATCCGGTCAAGAGGAAACCCTCCACTCAACCACCTCCAAA","G:190:NK;G:271:GYPSPSQVYTTSGQEETLHSTTSK"
"MZ515803","2327:G;5468:CAAGAGGAAACCCTCCACTCAACCACCTCCGAAGGCTATCCAAGCCTATCACAAGTCTATACAACATCCGGT","G:260:QEETLHSTTSEGYPSLSQVYTTSG"
"MZ515811","2327:G;5468:CAAGAGGAAACCCTCCACTCAACCACCTCCGAAGGCTATCCAAGCCTATCACAAGTCTATACAACATCCGGT","G:260:QEETLHSTTSEGYPSLSQVYTTSG"
"MZ515814","0:C;2327:G;5468:CAAGAGGAAACCCTCCACTCAACCACCTCCGAAGGCTATCTAAGCCCATCACAAGTCTATACAACATCCGGT","G:260:QEETLHSTTSEGYLSPSQVYTTSG"
"MZ515819","2327:G;4628:AAT;5528:ACAACATTTGGTCAAGAGGAAACCCTCCACTCAACCACCTCCGAAGGCTATCCAAGTCCATCACAAGTCCAT","G:260:QEETLQSTTSEGYPSPSQVYTTFG"
"MZ515825","2328:G;5526:ACACAACATCCGGTCAAGAGGAGACCCTCCACTCAACCACCTCCGAAGGCTATCCAAGCCCATCACAAGCCC","G:279:YTTSGQEETLHSTTSEGYPSPSQA"
"MZ515821","0:C;2327:G;4624:A;5525:CATACAACA;5528:GGTCAAGAGGATACCCTCCACTCAACCACCCCCGAAGGCTATCCAAGCCCATCACAAATCCAT","G:279:HTTSGQEDTLHSTTPEGYPSPSQI"
"MZ515834","5528:ACAACATCCGGTCAAGAGGAAACCCTCCACTCAACCACCTCTGAAGGCTATCCAAGCCCATCACAAGTCCAT","G:265:HSTTSEGYPSPSQVYTTSGQEETL"
"MZ515833","0:C;572:AAA;2328:G;3214:A;4624:A;5495:TCCGAAGGCTATCCAAGCCCATCACAAGTCTATACAACATCCGGTCAAGAGAAAACCCTCCACTCAACCACA","G:263:TLHSTTSEGYPSPSQVYTTSGQEK"
"MZ515828","2327:G;4624:A;5460:AAACAAGTCAAGAGGAAACCCTCCTCTCAACCACCTCCGAAGGCTATCTAAGCCCA;5468:CTATACAACATCCGGT","G:260:QEETLLSTTSEGYLSPXXXYTTSG"
"MZ515835","0:C;572:AA;2327:G;3214:A;4624:A;5477:ACCCTCCACTCAACCACCTCCGAAGGCCATCCAAGCCCATCACAAGTCTACACAACATCCGGTCAAGAGAAA","G:263:TLHSTTSEGHPSPSQVYTTSGQEK"
"MZ515840","0:C;2327:G;4624:A;5474:GAAACCCTCCACTCAACCACCTCCGAAGGCTATCCAAGCCCATCACAAGTCCATACAACATCCGGTCAAGAG;15085:TTTAA","G:260:QKETLHSTTSEGYPSPSQVHTTSG"
"MZ515847","2327:GG;5528:ACAACATCCGGTCAAGAGGAAACCCTCCACTCAACCACCTCCGAAGGCTATCCAAGTCCATCACAAGTCCAT","G:260:QEETLHSTTSEGYPSPSQVYTTSG"
"MZ515848","2327:G;5538:GTCAAGAGGAAACCCTCCACTCAACCACCTCCGAAGGCTATCCAAGCCCATCACAAGTCCATACAACATCCA","G:260:QEETLYSTTSEGYPSPSQVYTTSG"
"MZ515842","2327:G;5468:CAAGAGGAAACCCTTCACTCAACCACCTCCGAAGGCTATCTAAACCCATCCCAAATCTATACAACATCCGGT","G:272:YL;G:274:SQIYTTSGQEETLHSTTSVGYL"
"MZ515851","2328:G;4624:A;5258:AACAAA;5501:GGCTATCCAAGCCCATCACAAGTCTATACAACATCCGGTCAAGAGGAAACCCTCCACTCAACCACCTCCAAA","G:190:NK;G:271:GYPSPSQVYTTSGQEETLHSTTSK"
"MZ515850","0:C;2327:G;4624:A;5474:GAAACCATCCACTCAACCACCTCCGAAGGCTATCCAAGCCCATCACAAGTCTATACAACATCTGGTCAAGAG","G:260:QKETIHSTTSEGYPSPSQVYTTSG"
"MZ515841","572:AA;2328:G;3214:A;4624:A;5495:TCCGAAGGCTATCCAAGCCCATCACAAGTCTATACAACATCCGGTCAAGAGAAAACCCTCCACTCAACCACA","G:263:TLHSTTSEGYPSPSQVYTTSGQEK"
"MZ515852","0:C;2327:G;4628:ATAAG;5528:ACAACATCCGGTCAAGAGGAAACCCTCCACTCGACCACCTCCGAAGGCTATCCAAGCCCATCACAAGTCCAC","G:260:QKETLHSTTSEGYLSPSQVYTTSG"
"MZ515854","2327:G;4624:A;5460:AAACAAGTCAAGAGGAAACCCTCCTCTCAACCACCTCCGAAGGCTATCTAAGCCCA;5468:CTATACAACATCCGGT","G:260:QEETLLSTTSEGYLSPXXXYTTSG"
"MZ515853","2327:G;4628:AAT;5528:ACAACATTTGGTCAAGAGGAAACCCTCCACTCAACCACCTCCGAAGGCTATCCAAGTCCATCACAAGTCCAT","G:260:QEETLQSTTSEGYPSPSQVYTTFG"
"MZ515859","0:C;2327:G;4624:A;5525:CATACAACA;5528:GGTCAAGAGGATACCCTCCACTCAACCACCCCCGAAGGCTATCCAAGCCCATCACAAATCCAT","G:270:EGYLSPSQVHTTSGQEDTLHSTTP"
"MZ515864","5528:ACAACATCCGGTCAAGAGGAAACCCTCCACTCAACCACCTCTGAAGGCTATCCAAGCCCATCACAAGTCCAT","G:265:HSTTSEGYPSPSQVYTTSGQEETL"
"MZ515862","0:C;2327:G;5510:AGCCCATCACAAGTCTATACAACATCCGGTCAAGAGGAAACCCTCCACTCAACCACCTCCGAAGGCTATCTA","G:274:SPSQVYTTSGQEETLHSTTSEGYL"
"MZ515860","2327:G;5460:ACACGAGTCAAGAGGAAACCCTCCACTCAACCACCCCTGAAGGCTATCCAAGCCCA;5468:CTACACAACATCCGGT","G:260:QEETLHSTTPEGYPSPXXXYTTSG"
"MZ515861","0:C;2327:G;4628:AAT;5528:ACAACATTTGGTCAAGAGGAAACCCTCCACTCAACCACCTCCGAAGGCTATCCAAGTCCATCACAAGTCCAT;12344:N","G:260:QEETLQSTTSEGYPSPSQVYTTFG"
"MZ515866","0:C;2327:G;5468:CAAGAGGAAACCCTCCACTCAACCACCTCCGAAGGCTATCTAAGCCCATCACAAGTCTATACAACATCCGGT","G:260:QEETLHSTTSEGYLSPSQVYTTSG"
"MZ515870","0:C;2327:G;4628:AAT;5528:ACAACATTTGGTCAAGAGGAAACCCTCCACTCAACCACCTCCGAAGGCTATCCAAGTCCATCACAAGTCCAT","G:260:QEETLQSTTSEGYPSPSQVYTTFG"
"MZ515873","2327:GG;5528:ACAACATCCGGTCAAGAGGAAACCCTTCACTCAACCACCTCCAAAGGCTATCCAAGCCCATCACAAGTCCAT","G:271:GYPSPSQVYTTSGQEETLHSTTSK"
"MZ515877","2327:G;4624:A;5525:CATACAACA;5528:GGTCAAGAGGATACCCTCCACTCAACCACCCCCGAAGGCTATCCAAGCCCATCACAAATCCAT","G:270:EGYLSPSQVHTTSGQEDTLHSTTP"
"MZ515882","2327:G;4624:A;5460:AAACAAGTCAAGAGGAAACCCTCCTCTCAACCACCTCCGAAGGCTATCTAAGCCCA;5468:CTATACAACATCCGGT","G:260:QEETLLSTTSEGYLSPXXXYTTSG"
"MZ515878","2328:GG;5468:CAAGAGGGAACCCTCCACTCAACCACCTCCGAAGGCTATCCAAGCCCATCACAAGTCTATACAACATCCGGT;5596:AG","G:260:QEGTLHSTTSEGYPSPSQVYTTSG"
"MZ515884","2327:G;5526:ACACTACATCCGGTCAAGAGGAAACCCTCCACTCAACCACCTCCGAAGGCTATCCAAGCCCATCACAAGCCC","G:260:QEETLHSTTSEGYPSQSQVYTTSG"
"MZ515880","0:C;2327:G;5538:GTCAAGAGGAAACCCTCCACTCAACCACCTCCGAAGGCTATCCAAGCCCATCACAAGTCCATACAACATCCA","G:260:QEETLYSTTSEGYPSPSQVYTTSG"
"MZ515887","2322:A;4624:A;5258:AACAAA;5474:GAAACCATCCACTCAACCACCTCCGAAGGCTATCCAAGCCCATCACAAGTCTATACAACATCCGGTCAAGAG","G:190:NK;G:260:QKETIHSTTSEGYPSPSQVYTTSG"
"MZ515888","2327:G;4624:A;5519:CAAGTCTATACAACATCCGGTCAAGAGGAAACCCTCCACTCAACCACCTCCGAAGGCTATCTAAGCTCATCA;10046:T","G:276:SQVYTTSGQEETLHSTTSEGYLSS"
"MZ515898","0:C;2327:G;4624:A;5525:CATACAACA;5528:GGTCAAGAGGATACCCTCCACTCAACCACCCCCGAAGGCTATCCAAGCCCATCACAAATCCAT","G:270:EGYLSPSQVHTTSGQEDTLHSTTP"
"MZ515891","2327:G;4628:AAT;5528:ACAACATTTGGTCAAGAGGAAACCCTCCACTCAACCACCTCCGAAGGCTATCCAAGTCCATCACAAGTCCAT","G:260:QEETLQSTTSEGYPSPSQVYTTFG"
"MZ515902","0:C;2328:G;4624:A;5258:AACAAA;5474:GAAACCATCCACTCAACCACCTCCGAAGGCTATCCAAGCCCATCACAAGTCTATACAACATCCGGTCAAGAG","G:190:NK;G:260:QKETIHSTTSEGYPSPSQVYTTSG"
"MZ515901","2327:G;4624:A;5528:ACAACATCCGGTCAAGAGGATACCCTCCACTCAACCACCTCCGAAGGCTATCCAAGCCCATCACAAGTCCAT","G:263:TLHSTTSEGYPSPSQVYTTSGQED"
"MZ515907","2327:G;5528:ACAACATCCGGTCAAGAGGAAACCCTCCACTCAACCACCTCCGAAGGCTATCCAAGCCCATCACAAGTCCAT","G:260:QEETLHSTTSEGYPSPSQVYTTSG"
"MZ515905","2328:G;4624:A;5528:ACAACATCCGGTCAAGAGGAAACCCCCCACTCAACCACCTCCGAAGGCTATCCAAGCCCATCACAAGTCCAC","G:260:QKETLHSTTSEGYPSPSQVYTTSG"
"MZ515908","0:C;2327:G;5538:GTCAAGAGGAAACCCTCCACTCAACCACCTCCGAAGGCTATCCAAGCCCATCACAAGTCCATACAACATCCA","G:260:QEETLYSTTSEGYPSPSQVYTTSG"
"MZ515909","0:C;2327:G;4624:A;5474:GAAACCATCCACTCAACCACCTCCGAAGGCTATCCAAGCCCATCACAAGTCTATACAACATCTGGTCAAGAG","G:260:QKETIHSTTSEGYPSPSQVYTTSG"
"MZ515910","2327:G;4624:AA;5460:AAACAAGTCAAGAGGAAACCCTCCTCTCAACCACCTCCGAAGGCTATCTAAGCCCA;5468:CTATACAACATCCGGT","G:260:QEETLLSTTSEGYLSPXXXYTTSG"
"MZ515911","2327:G;5528:ACAACATCCGGTCAAGAGGAAACCCTCCACTCAACCACCTCCGAAAGCTATCCAAGCCCATCACAAGTCCAT","G:272:YPSPSQVYTTSGQEETLHSTTSES"
"MZ515923","2327:G;4624:AA;5460:AAACAAGTCAAGAGGAAACCCTCCTCTCAACCACCTCCGAAGGCTATCTAAGCCCA;5468:CTATACAACATCCGGT","G:260:QEETLLSTTSEGYLSPXXXYTTSG"
"MZ515922","2327:G;4628:AAT;5528:ACAACATTTGGTCAAGAGGAAACCCTCCACTCAACCACCTCCGAAGGCTATCCAAGTCCATCACAAGTCCAT","G:260:QEETLQSTTSEGYPSPSQVYTTFG"
"MZ515913","0:C;2327:G;5492:ACCTCTGAAGGCTATCTAAGCCCATCACAAGTCTATACAACATCCGGTCAAGAGGAAACCCTCCACTCAACC","G:260:QEETLHSTTSEGYLSPSQVYTTSG"
"MZ515927","2327:G;4628:AAT;5528:ACAACATTTGGTCAAGAGGAAACCCTCCACTCAACCACCTCCGAAGGCTATCCAAGTCCATCACAAGTCCAT","G:260:QEETLQSTTSEGYPSPSQVYTTFG"
"MZ515921","0:C;2327:G;4624:A;5474:GAAACCATCCACTCAACCACCTCCGAAGGCTATCCAAGCCCATCACAAGTCTATACAACATCTGGTCAAGAG","G:260:QKETIHSTTSEGYPSPSQVYTTSG"
"MZ515928","2327:G;4624:A;5460:AAACAAGTCAAGAGGAAACCCTCCTCTCAACCACCTCCGAAGGCTATCTAAGCCCA;5468:CTATACAACATCCGGT","G:260:QEETLLSTTSEGYLSPXXXYTTSG"
"MZ515931","572:AAA;2327:GG;5468:CAAGAGGAAACCCTCCACTCAACCACCTCCGAAGGTTATCCAAGCCCATCACAAGTCTATACAACATCCGGT;15211:T","G:260:QEETLHSTTSEGYPSPSQVYTTSG"
"MZ515929","2327:GG;5528:ACAACATCCGGTCAAGAGGAAACCCTCCACTCAACCACCTCCGAAGGCTATCCAAGTCCATCACAAGTCCAT","G:260:QEETLHSTTSEGYPSPSQVYTTSG"
"MZ515933","2327:GG;5528:ACAACATCCGGTCAAGAGGAAACCCTCCACTCAACCACCTCCGAAGGCTATCCAAGTCCATCACAAGTCCAT","G:260:QEETLHSTTSEGYPSPSQVYTTSG"
"MZ515939","0:C;572:AA;2327:G;3210:T;4624:A;5474:GAAACCCTCCACTCAACCACCTCCGAAGGCTATCTAAACCCATCACAAGTCTATACAACATCCGGTCAAGAG","G:272:YLNPSQVYTTSGQEETLHSTTSED"
"MZ515942","2327:G;4624:A;5460:AAACAAGTCAAGAGGAAACCCTCCTCTCAACCACCTCCGAAGGCTATCTAAGCCCA;5468:CTATACAACATCCGGT","G:260:QEETLLSTTSEGYLSPXXXYTTSG"
"MZ515940","2327:G;5460:ACACGAGTCAAGAGGAAACCCTCCACTCAACCACCCCTGAAGGCTATCCAAGCCCA;5468:CTACACAACATCCGGT","G:260:QEETLHSTTPEGYPSPXXXYTTSG"
"MZ515941","2328:GG;5528:ACAACATCCGGTCAAGAGGAAACCCTCCACTCAACCACCTCCGAAGGCTATCCAAGCCCATCACAAGTCCAT","G:260:QEETLHSTTSEGYPSPSQVYTTSG"
"MZ515943","0:C;2327:GG;5528:ACAACATCCGGTCAAGAGGAAACCCTTCACTCAACCACCTCCAAAGGCTATCCAAGCCCATCACAAGTCCAT","G:271:GYPSPSQVYTTSGQEETLHSTTSK"
"MZ515948","0:C;2328:AGG;5528:ACAACATCCGGTCAAGAGGAAACCCTCCACTCAACCACCTCCGAAGGCTATCCAAGCCCATCACAAGTCCAT","G:260:QEETLHSTTSEGYPSPSQVYTTSG"
"MZ515945","0:C;2327:GG;5528:ACAACATCCGGTCAAGAGGAAACCCTCCACTCAACCACCTCCGAAGGCTATCCAAGCCCATCACAAGTCCAT","G:260:QEETLHSTTSEGYPSPSQVYTTSG"
"MZ515951","2327:G;5538:GTCAAGAGGAAACCCTCCACTCAACCACCTCCGAAGGCTATCCAAGCCCATCACAAGTCCATACAACATCCA","G:260:QEETLYSTTSEGYPSPSQVYTTSG"
"MZ515954","2327:G;4624:A;5460:AAACAAGTCAAGAGGAAACCCTCCTCTCAACCACCTCCGAAGGCTATCTAAGCCCA;5468:CTATACAACATCCGGT","G:260:QEETLLSTTSEGYLSPXXXYTTSG"
"MZ515956","0:C;2328:G;4624:A;5258:AACAAA;5474:GAAACCATCCACTCAACCACCTCCGAAGGCTATCCAAGCCCATCACAAGTCTATACAACATCCGGTCAAGAG","G:190:NK;G:260:QKETIHSTTSEGYPSPSQVYTTSG"
"MZ515957","572:AAA;2327:GG;5468:CAAGAGGAAACCCTCCACTCAACCACCTCCGAAGGTTATCCAAGCCCATCACAAGTCTATACAACATCCGGT","G:260:QEETLHSTTSEGYPSPSQVYTTSG"
"MZ515959","0:C;2327:G;4628:AAT;5528:ACAACATTTGGTCAAGAGGAAACCCTCCACTCAACCACCTCCGAAGGCTATCCAAGTCCATCACAAGTCCAT","G:260:QEETLQSTTSEGYPSPSQVYTTFG"
"MZ515961","2328:GG;5468:CAAGAGGGAACCCTCCACTCAACCACCTCCGAAGGCTATCCAAGCCCATCACAAGTCTATACAACATCCGGT;5596:AG","G:260:QEGTLHSTTSEGYPSPSQVYTTSG"
"MZ515963","2328:GG;5468:CAAGAGGAAACCCTCCACTCAACCACCTCCAAAGGCTATCCAAGCCCATCACAAGTCTATACAACATCCGGT","G:260:QEETLHSTTSKGYPSPSQVYTTSG"
"MZ515964","2327:G;4624:A;5460:AAACAAGTCAAGAGGAAACCCTCCTCTCAACCACCTCCGAAGGCTATCTAAGCCCA;5468:CTATACAACATCCGGT","G:260:QEETLLSTTSEGYLSPXXXYTTSG"
"MZ515962","0:C;2328:G;4624:A;5258:AACAAA;5501:GGCTATCCAAGCCCATCACAAGTCTATACAACATCCGGTCAAGAGGAAACCCTCCACTCAACCACCTCCAAA","G:190:NK;G:271:GYPSPSQVYTTSGQEETLHSTTSK"
"MZ515966","2327:GG;5528:ACAACATCCGGTCAAGAGGAAACCCTCCACTCAACCACCTCCGAAGGCTATCCAAGTCCATCACAAGTCCAT;15211:T","G:260:QEETLHSTTSEGYPSPSQVYTTSG"
"MZ515969","2327:GG;5528:ACAACATCCGGTCAAGAGGAAACCCTCCACTCAACCACCTCCGAAGGCTATCCAAGTCCATCACAAGTCCAT","G:260:QEETLHSTTSEGYPSPSQVYTTSG"
"MZ515971","576:AAC;2327:GG;5468:CAAGAGGAAACCCTCCACTCAACCACCTCCGAAGGTTATCCAAGCCCATCACAAGTCTATACAACATCCGGT","G:260:QEETLHSTTSEGYPSPSQVYTTSG"
"MZ515967","2328:G;4624:A;5468:CAAGAGGAAACCCTCCACTCAACCACCCACAAAGGCCATCCAAGCCCATCCCAAGTCCACACAACATCCGGT","G:260:QEETLHSTTHKGHPSPSQVHTTSG"
"MZ515973","0:C;2327:G;5510:AGCCCATCACAAGTCTATACAACATCCGGTCAAGAGGAAACCCTCCACTCAACCACCTCCGAAGGCTATCTA","G:274:SPSQVYTTSGQEETLHSTTSEGYL"
"MZ515984","2327:GG;5528:ACAACATCCGGTCAAGAGGAAACCCTCCACTCAACCACCTCCAAAGGCTATCCAAGCCCATCACAAGTCCAT","G:271:GYPSPSQVYTTSGQEETLHSTTSK"
"MZ515985","0:C;572:AA;2328:G;3214:A;5513:CCATCACAAGTCTATACAACATCCGGTCAAGAGAAAACCCTCCACTCAACCACCTCCGAAGGCTATCCAGGC","G:275:PSQVYTTSGQEKTLHSTTSEGYPG"
"MZ515980","0:C;2327:G;4628:AAT;5528:AAAACATTTGGTCAAGAGGAAACCCTCCACTCAACCACCTCCGAAGGCTATCCAAGTCCATCACAAGTCCAT","G:260:QEETLQSTTSEGYPSPSQVYKTFG"
"MZ515986","2327:G;5468:CAAGAGGAAACCCTCCACTCAACCACCTCCGAAGGCTATCCAAGCCTATCACAAGTCCATACAACATCCGGT","G:260:QEETLHSTTSEGYPSLSQVHTTSG"
"MZ515989","2327:G;5538:GTCAAGAGGAAACCCTCCACTCAACCACCTCCGAAGGCTATCCAAGCCCATCACAAGTCCATACAACATCCA","G:260:QEETLYSTTSEGYPSPSQVYTTSG"
"MZ515992","0:C;2327:G;5538:GTCAAGAGGAAACCCTCCACTCAACCACCTCCGAAGGCTATCCAAGCCCATCACAAGTCCATACAACATCCA","G:260:QEETLYSTTSEGYPSPSQVYTTSG"
"MZ515987","2328:GG;5468:CAAGAGGGAACCCTCCACTCAACCACCTCCGAAGGCTATCCAAGCCCATCACAAGTCTATACAACATCCGGT;5596:AG;14687:A","G:260:QEGTLHSTTSEGYPSPSQVYTTSG"
"MZ515993","2328:G;4624:AA;5460:AAACAAGTCAAGAGGAAACCCTCCTCTCAACCACCTCCGAAGGCTATCTAAGCCCA;5468:CTATACGACATCCGGT","G:260:QEETLLSTTSEGYLSPXXXYTTSG"
"MZ151852","2327:G;3175:CC;4624:A;5460:AAACAAGTCAAGAGGAAACCCTCCTCTCAACCACCTCCGAAGGCTATCTAAGCCCA;5468:CTATACAACATCCGGT","G:260:QEETLLSTTSEGYLSPXXXYTTSG"
"MZ151853","2327:G;3175:CC;4624:A",""
"OK649590","2328:G",""
"OK649592","2328:AG;4647:AA",""
"OK649595","2328:G;15015:A",""
"OK649596","2322:A;4034:T;4624:A;15090:ATTTT",""
"MZ151854","2327:G;5528:ACAACATCCGGTCAAGAGGAAACCCTCCACTCAACCACCTCCGAAGGCTATCCAAGCCCATCACAAGTCCAT","G:260:QEETLHSTTSEGYPSPSQVYTTSG"
"MZ151855","2327:G;5528:ACAACATCCGGTCAAGAGGAAACCCTCCACTCAACCACCTCCGAAGGCTATCCAAGCCCATCACAAGTCCAT","G:260:QEETLHSTTSEGYPSPSQVYTTSG"
"OK649598","572:AA;2328:G",""
"OK649597","2328:G",""
"OK649601","2322:A",""
"OK649600","572:AA;2328:G",""
"OK649599","2328:G",""
"OK649602","2328:G",""
"OK649603","2328:G",""
"OK649609","2328:G",""
"OK649608","2328:G;15015:A;15085:TTTAA",""
"OK649605","2328:G",""
"OK649604","2328:G",""
"OK649607","2328:G",""
"OK649606","2328:G;15015:A",""
"OK649610","2328:G",""
"OK649612","572:AA;2328:G",""
"OK649611","2328:G",""
"OK649613","2322:AA",""
"OK649615","2322:A",""
"OK649614","572:AA;2328:G",""
"OK649617","2322:A;15015:A",""
"OK649618","2322:A",""
"OK649616","2328:G",""
"OK649620","2328:G",""
"OK649619","2322:A",""
"OK649622","2328:G",""
"OK649621","2328:G",""
"OK649624","2328:G",""
"OK649623","2328:G",""
"OK649626","2328:G",""
"OK649630","2328:G",""
"OK649627","572:AA;2328:G",""
"OK649631","2328:G",""
"OK649629","2328:G",""
"OK649632","2328:G",""
"OK649628","2322:A",""
"OK649634","2328:G",""
"OK649633","2328:G",""
"OK649635","2328:G;15015:A",""
"OK649636","2328:G",""
"OK649638","2322:A",""
"OK649637","2328:G;15015:A",""
"OK649639","2328:G",""
"OK649640","2328:G",""
"OK649641","2328:G",""
"OK649643","2328:G",""
"OK649642","2328:G;15090:TTATTT",""
"OK649645","2328:G",""
"OK649646","2322:A;15015:A",""
"OK649644","2328:G",""
"OK649647","2328:G;15090:AT",""
"OK649649","2328:G;15015:A;15061:T",""
"OK649648","2322:A",""
"OK649651","2328:G",""
"OK649650","2328:G",""
"OK649652","2328:G",""
"OK649653","2328:G;15015:A",""
"OK649654","",""
"OK649655","2328:G",""
"OK649657","",""
"OK649656","2322:A;15015:A",""
"OK649658","2328:G;7465:AA",""
"OK649659","",""
"OK649661","15090:TTTTTT",""
"OK649660","2328:G;15090:TTTTTT",""
"OK649663","2322:A",""
"OK649664","15090:TTTTTT",""
"OK649669","572:AAA;2328:G;3212:G",""
"OK649672","",""
"OK649665","15090:TTTTTT",""
"OK649666","15090:TTTTTT",""
"OK649671","2322:A;4624:A",""
"OK649667","",""
"OK649674","4624:AA;15060:ATTTAAA",""
"OK649677","2328:G;7552:T;15015:A",""
"OK649676","2328:G;15060:ATTTAAA",""
"OK649678","",""
"OK649679","572:AAA;2328:G;3209:T;15090:ATTTTTT",""
"OK649683","2327:G;5483:TCAACCACCTCCGAAGGCTATCTAAGCTCATCACAAGTCTATACAACATCCGGTCAAGAGGAAACCCTT","G:260:QEETLSTTSEGYLSSSQVYTTSG"
"OK649682","2327:G;4628:G;5528:ACAACATCCGGTCAAGAGGAAACCCTCCACTCAACCACCTCCGAAGGCTATCCAAGCCCATCACAAGTCCAT","G:260:QEETLHSTTSEGYPSPSQVYTTSG"
"OK649684","2328:AGG;4624:AA;5468:CAAGAGGAAACCCTCCACTCAACCACCTCCGAAGGCCATCTAAGCCCATCACAAGTCTATACAACATCTGGT","G:260:QEETLHSTTSEGHLSPSQVYTTSG"
"OK649681","2327:G;4624:A;5468:CAAGAGGAAACCCTCCACTCAACCACCTCCGAAGGCTATCTAAGCCCATCCCAAGTCTATACAACATCCGGT","G:260:QEETLHSTTSEGYLSPSQVYTTSG"
